locus_tag	old_locus_tag
LK433_RS00005	LK433_00005
LK433_RS00010	LK433_00010
LK433_RS00015	LK433_00015
LK433_RS00020	LK433_00020
LK433_RS00025	LK433_00025
LK433_RS00030	LK433_00030
LK433_RS00035	LK433_00035
LK433_RS00040	LK433_00040
LK433_RS00045	LK433_00045
LK433_RS00050	LK433_00050
LK433_RS00055	LK433_00055
LK433_RS00060	LK433_00060
LK433_RS00065	LK433_00065
LK433_RS00070	LK433_00070
LK433_RS00075	LK433_00075
LK433_RS00080	LK433_00080
LK433_RS00085	LK433_00085
LK433_RS00090	LK433_00090
LK433_RS00095	LK433_00095
LK433_RS00100	LK433_00100
LK433_RS00105	LK433_00105
LK433_RS00110	LK433_00110
LK433_RS00115	LK433_00115
LK433_RS00120	LK433_00120
LK433_RS00125	LK433_00125
LK433_RS00130	LK433_00130
LK433_RS00135	LK433_00135
LK433_RS00140	LK433_00140
LK433_RS00145	LK433_00145
LK433_RS00150	LK433_00150
LK433_RS00155	LK433_00155
LK433_RS00160	LK433_00160
LK433_RS00165	LK433_00165
LK433_RS00170	LK433_00170
LK433_RS00175	LK433_00175
LK433_RS00180	LK433_00180
LK433_RS00185	LK433_00185
LK433_RS00190	LK433_00190
LK433_RS00195	LK433_00195
LK433_RS00200	LK433_00200
LK433_RS00205	LK433_00205
LK433_RS00210	LK433_00210
LK433_RS00215	LK433_00215
LK433_RS00220	LK433_00220
LK433_RS00225	LK433_00225
LK433_RS00230	LK433_00230
LK433_RS00235	LK433_00235
LK433_RS00240	LK433_00240
LK433_RS00245	LK433_00245
LK433_RS00250	LK433_00250
LK433_RS00255	LK433_00255
LK433_RS00260	LK433_00260
LK433_RS00265	LK433_00265
LK433_RS00270	LK433_00270
LK433_RS00275	LK433_00275
LK433_RS00280	LK433_00280
LK433_RS00285	LK433_00285
LK433_RS00290	LK433_00290
LK433_RS00295	LK433_00295
LK433_RS00300	LK433_00300
LK433_RS00305	LK433_00305
LK433_RS00310	LK433_00310
LK433_RS00315	LK433_00315
LK433_RS00320	LK433_00320
LK433_RS00325	LK433_00325
LK433_RS00330	LK433_00330
LK433_RS00335	LK433_00335
LK433_RS00340	LK433_00340
LK433_RS00345	LK433_00345
LK433_RS00350	LK433_00350
LK433_RS00355	LK433_00355
LK433_RS00360	LK433_00360
LK433_RS00365	LK433_00365
LK433_RS00370	LK433_00370
LK433_RS00375	LK433_00375
LK433_RS00380	LK433_00380
LK433_RS00385	LK433_00385
LK433_RS00390	LK433_00390
LK433_RS00395	LK433_00395
LK433_RS00400	LK433_00400
LK433_RS00405	LK433_00405
LK433_RS00410	LK433_00410
LK433_RS00415	LK433_00415
LK433_RS00420	LK433_00420
LK433_RS00425	LK433_00425
LK433_RS00430	LK433_00430
LK433_RS00435	LK433_00435
LK433_RS00440	LK433_00440
LK433_RS00445	LK433_00445
LK433_RS00450	LK433_00450
LK433_RS00455	LK433_00455
LK433_RS00460	LK433_00460
LK433_RS00465	LK433_00465
LK433_RS00470	LK433_00470
LK433_RS00475	LK433_00475
LK433_RS00480	LK433_00480
LK433_RS00485	LK433_00485
LK433_RS00490	LK433_00490
LK433_RS00495	LK433_00495
LK433_RS00500	LK433_00500
LK433_RS00505	LK433_00505
LK433_RS00510	LK433_00510
LK433_RS00515	LK433_00515
LK433_RS00520	LK433_00520
LK433_RS00525	LK433_00525
LK433_RS00530	LK433_00530
LK433_RS00535	LK433_00535
LK433_RS00540	LK433_00540
LK433_RS00545	LK433_00545
LK433_RS00550	LK433_00550
LK433_RS00555	LK433_00555
LK433_RS00560	LK433_00560
LK433_RS00565	LK433_00565
LK433_RS00570	LK433_00570
LK433_RS00575	LK433_00575
LK433_RS00580	LK433_00580
LK433_RS00585	LK433_00585
LK433_RS00590	LK433_00590
LK433_RS00595	LK433_00595
LK433_RS00600	LK433_00600
LK433_RS00605	LK433_00605
LK433_RS00610	LK433_00610
LK433_RS00615	LK433_00615
LK433_RS00620	LK433_00620
LK433_RS00625	LK433_00625
LK433_RS00630	LK433_00630
LK433_RS00635	LK433_00635
LK433_RS00640	LK433_00640
LK433_RS00645	LK433_00645
LK433_RS00650	LK433_00650
LK433_RS00655	LK433_00655
LK433_RS00660	LK433_00660
LK433_RS00665	LK433_00665
LK433_RS00670	LK433_00670
LK433_RS00675	LK433_00675
LK433_RS00680	LK433_00680
LK433_RS00685	LK433_00685
LK433_RS00690	LK433_00690
LK433_RS00695	LK433_00695
LK433_RS00700	LK433_00700
LK433_RS00705	LK433_00705
LK433_RS00710	LK433_00710
LK433_RS00715	LK433_00715
LK433_RS00720	LK433_00720
LK433_RS00725	LK433_00725
LK433_RS00730	LK433_00730
LK433_RS00735	LK433_00735
LK433_RS00740	LK433_00740
LK433_RS00745	LK433_00745
LK433_RS00750	LK433_00750
LK433_RS00755	LK433_00755
LK433_RS00760	LK433_00760
LK433_RS00765	LK433_00765
LK433_RS00770	LK433_00770
LK433_RS00775	LK433_00775
LK433_RS00780	LK433_00780
LK433_RS00785	LK433_00785
LK433_RS00790	LK433_00790
LK433_RS00795	LK433_00795
LK433_RS00800	LK433_00800
LK433_RS00805	LK433_00805
LK433_RS00810	LK433_00810
LK433_RS00815	LK433_00815
LK433_RS00820	LK433_00820
LK433_RS00825	LK433_00825
LK433_RS00830	LK433_00830
LK433_RS00835	LK433_00835
LK433_RS00840	LK433_00840
LK433_RS00845	LK433_00845
LK433_RS00850	LK433_00850
LK433_RS00855	LK433_00855
LK433_RS00860	LK433_00860
LK433_RS00865	LK433_00865
LK433_RS00870	LK433_00870
LK433_RS00875	LK433_00875
LK433_RS00880	LK433_00880
LK433_RS00885	LK433_00885
LK433_RS00890	LK433_00890
LK433_RS00895	LK433_00895
LK433_RS00900	LK433_00900
LK433_RS00905	LK433_00905
LK433_RS00910	LK433_00910
LK433_RS00915	LK433_00915
LK433_RS00920	LK433_00920
LK433_RS00925	LK433_00925
LK433_RS00930	LK433_00930
LK433_RS00935	LK433_00935
LK433_RS00940	LK433_00940
LK433_RS00945	LK433_00945
LK433_RS00950	LK433_00950
LK433_RS00955	LK433_00955
LK433_RS00960	LK433_00960
LK433_RS00965	LK433_00965
LK433_RS00970	LK433_00970
LK433_RS00975	LK433_00975
LK433_RS00980	LK433_00980
LK433_RS00985	LK433_00985
LK433_RS00990	LK433_00990
LK433_RS00995	LK433_00995
LK433_RS01000	LK433_01000
LK433_RS01005	LK433_01005
LK433_RS01010	LK433_01010
LK433_RS01015	LK433_01015
LK433_RS01020	LK433_01020
LK433_RS01025	LK433_01025
LK433_RS01030	LK433_01030
LK433_RS01035	LK433_01035
LK433_RS01040	LK433_01040
LK433_RS01045	LK433_01045
LK433_RS01050	LK433_01050
LK433_RS01055	LK433_01055
LK433_RS01060	LK433_01060
LK433_RS01065	LK433_01065
LK433_RS01070	LK433_01070
LK433_RS01075	LK433_01075
LK433_RS01080	LK433_01080
LK433_RS01085	LK433_01085
LK433_RS01090	LK433_01090
LK433_RS01095	LK433_01095
LK433_RS01100	LK433_01100
LK433_RS01105	LK433_01105
LK433_RS01110	LK433_01110
LK433_RS01115	LK433_01115
LK433_RS01120	LK433_01120
LK433_RS01125	LK433_01125
LK433_RS01130	LK433_01130
LK433_RS01135	LK433_01135
LK433_RS01140	LK433_01140
LK433_RS01145	LK433_01145
LK433_RS01150	LK433_01150
LK433_RS01155	LK433_01155
LK433_RS01160	LK433_01160
LK433_RS01165	LK433_01165
LK433_RS01170	LK433_01170
LK433_RS01175	LK433_01175
LK433_RS01180	LK433_01180
LK433_RS01185	LK433_01185
LK433_RS01190	LK433_01190
LK433_RS01195	LK433_01195
LK433_RS01200	LK433_01200
LK433_RS01205	LK433_01205
LK433_RS01210	LK433_01210
LK433_RS01215	LK433_01215
LK433_RS01220	LK433_01220
LK433_RS01225	LK433_01225
LK433_RS01230	LK433_01230
LK433_RS01235	LK433_01235
LK433_RS01240	LK433_01240
LK433_RS01245	LK433_01245
LK433_RS01250	LK433_01250
LK433_RS01255	LK433_01255
LK433_RS01260	LK433_01260
LK433_RS01265	LK433_01265
LK433_RS01270	LK433_01270
LK433_RS01275	LK433_01275
LK433_RS01280	LK433_01280
LK433_RS01285	LK433_01285
LK433_RS01290	LK433_01290
LK433_RS01295	LK433_01295
LK433_RS01300	LK433_01300
LK433_RS01305	LK433_01305
LK433_RS01310	LK433_01310
LK433_RS01315	LK433_01315
LK433_RS01320	LK433_01320
LK433_RS01325	LK433_01325
LK433_RS01330	LK433_01330
LK433_RS01335	LK433_01335
LK433_RS01340	LK433_01340
LK433_RS01345	LK433_01345
LK433_RS01350	LK433_01350
LK433_RS01355	LK433_01355
LK433_RS01360	LK433_01360
LK433_RS01365	LK433_01365
LK433_RS01370	LK433_01370
LK433_RS01375	LK433_01375
LK433_RS01380	LK433_01380
LK433_RS01385	LK433_01385
LK433_RS01390	LK433_01390
LK433_RS01395	LK433_01395
LK433_RS01400	LK433_01400
LK433_RS01405	LK433_01405
LK433_RS01410	LK433_01410
LK433_RS01415	LK433_01415
LK433_RS01420	LK433_01420
LK433_RS01425	LK433_01425
LK433_RS01430	LK433_01430
LK433_RS01435	LK433_01435
LK433_RS01440	LK433_01440
LK433_RS01445	LK433_01445
LK433_RS01450	LK433_01450
LK433_RS01455	LK433_01455
LK433_RS01460	LK433_01460
LK433_RS01465	LK433_01465
LK433_RS01470	LK433_01470
LK433_RS01475	LK433_01475
LK433_RS01480	LK433_01480
LK433_RS01485	LK433_01485
LK433_RS01490	LK433_01490
LK433_RS01495	LK433_01495
LK433_RS01500	LK433_01500
LK433_RS01505	LK433_01505
LK433_RS01510	LK433_01510
LK433_RS01515	LK433_01515
LK433_RS01520	LK433_01520
LK433_RS01525	LK433_01525
LK433_RS01530	LK433_01530
LK433_RS01535	LK433_01535
LK433_RS01540	LK433_01540
LK433_RS01545	LK433_01545
LK433_RS01550	LK433_01550
LK433_RS01555	LK433_01555
LK433_RS01560	LK433_01560
LK433_RS01565	LK433_01565
LK433_RS01570	LK433_01570
LK433_RS01575	LK433_01575
LK433_RS01580	LK433_01580
LK433_RS01585	LK433_01585
LK433_RS01590	LK433_01590
LK433_RS01595	LK433_01595
LK433_RS01600	LK433_01600
LK433_RS01605	LK433_01605
LK433_RS01610	LK433_01610
LK433_RS01615	LK433_01615
LK433_RS01620	LK433_01620
LK433_RS01625	LK433_01625
LK433_RS01630	LK433_01630
LK433_RS01635	LK433_01635
LK433_RS01640	LK433_01640
LK433_RS01645	LK433_01645
LK433_RS01650	LK433_01650
LK433_RS01655	LK433_01655
LK433_RS01660	LK433_01660
LK433_RS01665	LK433_01665
LK433_RS01670	LK433_01670
LK433_RS01675	LK433_01675
LK433_RS01680	LK433_01680
LK433_RS01685	LK433_01685
LK433_RS01690	LK433_01690
LK433_RS01695	LK433_01695
LK433_RS01700	LK433_01700
LK433_RS01705	LK433_01705
LK433_RS01710	LK433_01710
LK433_RS01715	LK433_01715
LK433_RS01720	LK433_01720
LK433_RS01725	LK433_01725
LK433_RS01730	LK433_01730
LK433_RS01735	LK433_01735
LK433_RS01740	LK433_01740
LK433_RS01745	LK433_01745
LK433_RS01750	LK433_01750
LK433_RS01755	LK433_01755
LK433_RS01760	LK433_01760
LK433_RS01765	LK433_01765
LK433_RS01770	LK433_01770
LK433_RS01775	LK433_01775
LK433_RS01780	LK433_01780
LK433_RS01785	LK433_01785
LK433_RS01790	LK433_01790
LK433_RS01795	LK433_01795
LK433_RS01800	LK433_01800
LK433_RS01805	LK433_01805
LK433_RS01810	LK433_01810
LK433_RS01815	LK433_01815
LK433_RS01820	LK433_01820
LK433_RS01825	LK433_01825
LK433_RS01830	LK433_01830
LK433_RS01835	LK433_01835
LK433_RS01840	LK433_01840
LK433_RS01845	LK433_01845
LK433_RS01850	LK433_01850
LK433_RS01855	LK433_01855
LK433_RS01860	LK433_01860
LK433_RS01865	LK433_01865
LK433_RS01870	LK433_01870
LK433_RS01875	LK433_01875
LK433_RS01880	LK433_01880
LK433_RS01885	LK433_01885
LK433_RS01890	LK433_01890
LK433_RS01895	LK433_01895
LK433_RS01900	LK433_01900
LK433_RS01905	LK433_01905
LK433_RS01910	LK433_01910
LK433_RS01915	LK433_01915
LK433_RS01920	LK433_01920
LK433_RS01925	LK433_01925
LK433_RS01930	LK433_01930
LK433_RS01935	LK433_01935
LK433_RS01940	LK433_01940
LK433_RS01945	LK433_01945
LK433_RS01950	LK433_01950
LK433_RS01955	LK433_01955
LK433_RS01960	LK433_01960
LK433_RS01965	LK433_01965
LK433_RS01970	LK433_01970
LK433_RS01975	LK433_01975
LK433_RS01980	LK433_01980
LK433_RS01985	LK433_01985
LK433_RS01990	LK433_01990
LK433_RS01995	LK433_01995
LK433_RS02000	LK433_02000
LK433_RS02005	LK433_02005
LK433_RS02010	LK433_02010
LK433_RS02015	LK433_02015
LK433_RS02020	LK433_02020
LK433_RS02025	LK433_02025
LK433_RS02030	LK433_02030
LK433_RS02035	LK433_02035
LK433_RS02040	LK433_02040
LK433_RS02045	LK433_02045
LK433_RS02050	LK433_02050
LK433_RS02055	LK433_02055
LK433_RS02060	LK433_02060
LK433_RS02065	LK433_02065
LK433_RS02070	LK433_02070
LK433_RS02075	LK433_02075
LK433_RS02080	LK433_02080
LK433_RS02085	LK433_02085
LK433_RS02090	LK433_02090
LK433_RS02095	LK433_02095
LK433_RS02100	LK433_02100
LK433_RS02105	LK433_02105
LK433_RS02110	LK433_02110
LK433_RS02115	LK433_02115
LK433_RS02120	LK433_02120
LK433_RS02125	LK433_02125
LK433_RS02130	LK433_02130
LK433_RS02135	LK433_02135
LK433_RS02140	LK433_02140
LK433_RS02145	LK433_02145
LK433_RS02150	LK433_02150
LK433_RS02155	LK433_02155
LK433_RS02160	LK433_02160
LK433_RS02165	LK433_02165
LK433_RS02170	LK433_02170
LK433_RS02175	LK433_02175
LK433_RS02180	LK433_02180
LK433_RS02185	LK433_02185
LK433_RS02190	LK433_02190
LK433_RS02195	LK433_02195
LK433_RS02200	LK433_02200
LK433_RS02205	LK433_02205
LK433_RS02210	LK433_02210
LK433_RS02215	LK433_02215
LK433_RS02220	LK433_02220
LK433_RS02225	LK433_02225
LK433_RS02230	LK433_02230
LK433_RS02235	LK433_02235
LK433_RS02240	LK433_02240
LK433_RS02245	LK433_02245
LK433_RS02250	LK433_02250
LK433_RS02255	LK433_02255
LK433_RS02260	LK433_02260
LK433_RS02265	LK433_02265
LK433_RS02270	LK433_02270
LK433_RS02275	LK433_02275
LK433_RS02280	LK433_02280
LK433_RS02285	LK433_02285
LK433_RS02290	LK433_02290
LK433_RS02295	LK433_02295
LK433_RS02300	LK433_02300
LK433_RS02305	LK433_02305
LK433_RS02310	LK433_02310
LK433_RS02315	LK433_02315
LK433_RS02320	LK433_02320
LK433_RS02325	LK433_02325
LK433_RS02330	LK433_02330
LK433_RS02335	LK433_02335
LK433_RS02340	LK433_02340
LK433_RS02345	LK433_02345
LK433_RS02350	LK433_02350
LK433_RS02355	LK433_02355
LK433_RS02360	LK433_02360
LK433_RS02365	LK433_02365
LK433_RS02370	LK433_02370
LK433_RS02375	LK433_02375
LK433_RS02380	LK433_02380
LK433_RS02385	LK433_02385
LK433_RS02390	LK433_02390
LK433_RS02395	LK433_02395
LK433_RS02400	LK433_02400
LK433_RS02405	LK433_02405
LK433_RS02410	LK433_02410
LK433_RS02415	LK433_02415
LK433_RS02420	LK433_02420
LK433_RS02425	LK433_02425
LK433_RS02430	LK433_02430
LK433_RS02435	LK433_02435
LK433_RS02440	LK433_02440
LK433_RS02445	LK433_02445
LK433_RS02450	LK433_02450
LK433_RS02455	LK433_02455
LK433_RS02460	LK433_02460
LK433_RS02465	LK433_02465
LK433_RS02470	LK433_02470
LK433_RS02475	LK433_02475
LK433_RS02480	LK433_02480
LK433_RS02485	LK433_02485
LK433_RS02490	LK433_02490
LK433_RS02495	LK433_02495
LK433_RS02500	LK433_02500
LK433_RS02505	LK433_02505
LK433_RS02510	LK433_02510
LK433_RS02515	LK433_02515
LK433_RS02520	LK433_02520
LK433_RS02525	LK433_02525
LK433_RS02530	LK433_02530
LK433_RS02535	LK433_02535
LK433_RS02540	LK433_02540
LK433_RS02545	LK433_02545
LK433_RS02550	LK433_02550
LK433_RS02555	LK433_02555
LK433_RS02560	LK433_02560
LK433_RS02565	LK433_02565
LK433_RS02570	LK433_02570
LK433_RS02575	LK433_02575
LK433_RS02580	LK433_02580
LK433_RS02585	LK433_02585
LK433_RS02590	LK433_02590
LK433_RS02595	LK433_02595
LK433_RS02600	LK433_02600
LK433_RS02605	LK433_02605
LK433_RS02610	LK433_02610
LK433_RS02615	LK433_02615
LK433_RS02620	LK433_02620
LK433_RS02625	LK433_02625
LK433_RS02630	LK433_02630
LK433_RS02635	LK433_02635
LK433_RS02640	LK433_02640
LK433_RS02645	LK433_02645
LK433_RS02650	LK433_02650
LK433_RS02655	LK433_02655
LK433_RS02660	LK433_02660
LK433_RS02665	LK433_02665
LK433_RS02670	LK433_02670
LK433_RS02675	LK433_02675
LK433_RS02680	LK433_02680
LK433_RS02685	LK433_02685
LK433_RS02690	LK433_02690
LK433_RS02695	LK433_02695
LK433_RS02700	LK433_02700
LK433_RS02705	LK433_02705
LK433_RS02710	LK433_02710
LK433_RS02715	LK433_02715
LK433_RS02720	LK433_02720
LK433_RS02725	LK433_02725
LK433_RS02730	LK433_02730
LK433_RS02735	LK433_02735
LK433_RS02740	LK433_02740
LK433_RS02745	LK433_02745
LK433_RS02750	LK433_02750
LK433_RS02755	LK433_02755
LK433_RS02760	LK433_02760
LK433_RS02765	LK433_02765
LK433_RS02770	LK433_02770
LK433_RS02775	LK433_02775
LK433_RS02780	LK433_02780
LK433_RS02785	LK433_02785
LK433_RS02790	LK433_02790
LK433_RS02800	LK433_02795
LK433_RS02805	LK433_02800
LK433_RS02810	LK433_02805
LK433_RS02815	LK433_02810
LK433_RS02820	LK433_02815
LK433_RS02825	LK433_02820
LK433_RS02830	LK433_02825
LK433_RS02835	LK433_02830
LK433_RS02840	LK433_02835
LK433_RS02845	LK433_02840
LK433_RS02850	LK433_02845
LK433_RS02855	LK433_02850
LK433_RS02860	LK433_02855
LK433_RS02865	LK433_02860
LK433_RS02870	LK433_02865
LK433_RS02875	LK433_02870
LK433_RS02880	LK433_02875
LK433_RS02885	LK433_02880
LK433_RS02890	LK433_02885
LK433_RS02895	LK433_02890
LK433_RS02900	LK433_02895
LK433_RS02905	LK433_02900
LK433_RS02910	LK433_02905
LK433_RS02915	LK433_02910
LK433_RS02920	LK433_02915
LK433_RS02925	LK433_02920
LK433_RS02930	LK433_02925
LK433_RS02935	LK433_02930
LK433_RS02940	LK433_02935
LK433_RS02945	LK433_02940
LK433_RS02950	LK433_02945
LK433_RS02955	LK433_02950
LK433_RS02960	LK433_02955
LK433_RS02965	LK433_02960
LK433_RS02970	LK433_02965
LK433_RS02975	LK433_02970
LK433_RS02980	LK433_02975
LK433_RS02985	LK433_02980
LK433_RS02990	LK433_02985
LK433_RS02995	LK433_02990
LK433_RS03000	LK433_02995
LK433_RS03005	LK433_03000
LK433_RS03010	LK433_03005
LK433_RS03015	LK433_03010
LK433_RS03020	LK433_03015
LK433_RS03025	LK433_03020
LK433_RS03030	LK433_03025
LK433_RS03035	LK433_03030
LK433_RS03040	LK433_03035
LK433_RS03045	LK433_03040
LK433_RS03050	LK433_03045
LK433_RS03055	LK433_03050
LK433_RS03060	LK433_03055
LK433_RS03065	LK433_03060
LK433_RS03070	LK433_03065
LK433_RS03075	LK433_03070
LK433_RS03080	LK433_03075
LK433_RS03085	LK433_03080
LK433_RS03090	LK433_03085
LK433_RS03095	LK433_03090
LK433_RS03100	LK433_03095
LK433_RS03105	LK433_03100
LK433_RS03110	LK433_03105
LK433_RS03115	LK433_03110
LK433_RS03120	LK433_03115
LK433_RS03125	LK433_03120
LK433_RS03130	LK433_03125
LK433_RS03135	LK433_03130
LK433_RS03140	LK433_03135
LK433_RS03145	LK433_03140
LK433_RS03150	LK433_03145
LK433_RS03155	LK433_03150
LK433_RS03160	LK433_03155
LK433_RS03165	LK433_03160
LK433_RS03170	LK433_03165
LK433_RS03175	LK433_03170
LK433_RS03180	LK433_03175
LK433_RS03185	LK433_03180
LK433_RS03190	LK433_03185
LK433_RS03195	LK433_03190
LK433_RS03200	LK433_03195
LK433_RS03205	LK433_03200
LK433_RS03210	LK433_03205
LK433_RS03215	LK433_03210
LK433_RS03220	LK433_03215
LK433_RS03225	LK433_03220
LK433_RS03230	LK433_03225
LK433_RS03235	LK433_03230
LK433_RS03240	LK433_03235
LK433_RS03245	LK433_03240
LK433_RS03250	LK433_03245
LK433_RS03255	LK433_03250
LK433_RS03260	LK433_03255
LK433_RS03265	LK433_03260
LK433_RS03270	LK433_03265
LK433_RS03275	LK433_03270
LK433_RS03280	LK433_03275
LK433_RS03285	LK433_03280
LK433_RS03290	LK433_03285
LK433_RS03295	LK433_03290
LK433_RS03300	LK433_03295
LK433_RS03305	LK433_03300
LK433_RS03310	LK433_03305
LK433_RS03315	LK433_03310
LK433_RS03320	LK433_03315
LK433_RS03325	LK433_03320
LK433_RS03330	LK433_03325
LK433_RS03335	LK433_03330
LK433_RS03340	LK433_03335
LK433_RS03345	LK433_03340
LK433_RS03350	LK433_03345
LK433_RS03355	LK433_03350
LK433_RS03360	LK433_03355
LK433_RS03365	LK433_03360
LK433_RS03370	LK433_03365
LK433_RS03375	LK433_03370
LK433_RS03380	LK433_03375
LK433_RS03385	LK433_03380
LK433_RS03390	LK433_03385
LK433_RS03395	LK433_03390
LK433_RS03400	LK433_03395
LK433_RS03405	LK433_03400
LK433_RS03410	LK433_03405
LK433_RS03415	LK433_03410
LK433_RS03420	LK433_03415
LK433_RS03425	LK433_03420
LK433_RS03430	LK433_03425
LK433_RS03435	LK433_03430
LK433_RS03440	LK433_03435
LK433_RS03445	LK433_03440
LK433_RS03450	LK433_03445
LK433_RS03455	LK433_03450
LK433_RS03460	LK433_03455
LK433_RS03465	LK433_03460
LK433_RS03470	LK433_03465
LK433_RS03475	LK433_03470
LK433_RS03480	LK433_03475
LK433_RS03485	LK433_03480
LK433_RS03490	LK433_03485
LK433_RS03495	LK433_03490
LK433_RS03500	LK433_03495
LK433_RS03505	LK433_03500
LK433_RS03510	LK433_03505
LK433_RS03515	LK433_03510
LK433_RS03520	LK433_03515
LK433_RS03525	LK433_03520
LK433_RS03530	LK433_03525
LK433_RS03535	LK433_03530
LK433_RS03540	LK433_03535
LK433_RS03545	LK433_03540
LK433_RS03550	LK433_03545
LK433_RS03555	LK433_03550
LK433_RS03560	LK433_03555
LK433_RS03565	LK433_03560
LK433_RS03570	LK433_03565
LK433_RS03575	LK433_03570
LK433_RS03580	LK433_03575
LK433_RS03585	LK433_03580
LK433_RS03590	LK433_03585
LK433_RS03595	LK433_03590
LK433_RS03600	LK433_03595
LK433_RS03605	LK433_03600
LK433_RS03610	LK433_03605
LK433_RS03615	LK433_03610
LK433_RS03620	LK433_03615
LK433_RS03625	LK433_03620
LK433_RS03630	LK433_03625
LK433_RS03635	LK433_03630
LK433_RS03640	LK433_03635
LK433_RS03645	LK433_03640
LK433_RS03650	LK433_03645
LK433_RS03655	LK433_03650
LK433_RS03660	LK433_03655
LK433_RS03665	LK433_03660
LK433_RS03670	LK433_03665
LK433_RS03675	LK433_03670
LK433_RS03680	LK433_03675
LK433_RS03685	LK433_03680
LK433_RS03690	LK433_03685
LK433_RS03695	LK433_03690
LK433_RS03700	LK433_03695
LK433_RS03705	LK433_03700
LK433_RS03710	LK433_03705
LK433_RS03715	LK433_03710
LK433_RS03720	LK433_03715
LK433_RS03725	LK433_03720
LK433_RS03730	LK433_03725
LK433_RS03735	LK433_03730
LK433_RS03740	LK433_03735
LK433_RS03745	LK433_03740
LK433_RS03750	LK433_03745
LK433_RS03755	LK433_03750
LK433_RS03760	LK433_03755
LK433_RS03765	LK433_03760
LK433_RS03770	LK433_03765
LK433_RS03775	LK433_03770
LK433_RS03780	LK433_03775
LK433_RS03785	LK433_03780
LK433_RS03790	LK433_03785
LK433_RS03795	LK433_03790
LK433_RS03800	LK433_03795
LK433_RS03805	LK433_03800
LK433_RS03810	LK433_03805
LK433_RS03815	LK433_03810
LK433_RS03820	LK433_03815
LK433_RS03825	LK433_03820
LK433_RS03830	LK433_03825
LK433_RS03835	LK433_03830
LK433_RS03840	LK433_03835
LK433_RS03845	LK433_03840
LK433_RS03850	LK433_03845
LK433_RS03855	LK433_03850
LK433_RS03860	LK433_03855
LK433_RS03865	LK433_03860
LK433_RS03870	LK433_03865
LK433_RS03875	LK433_03870
LK433_RS03880	LK433_03875
LK433_RS03885	LK433_03880
LK433_RS03890	LK433_03885
LK433_RS03895	LK433_03890
LK433_RS03900	LK433_03895
LK433_RS03905	LK433_03900
LK433_RS03910	LK433_03905
LK433_RS03915	LK433_03910
LK433_RS03920	LK433_03915
LK433_RS03925	LK433_03920
LK433_RS03930	LK433_03925
LK433_RS03935	LK433_03930
LK433_RS03940	LK433_03935
LK433_RS03945	LK433_03940
LK433_RS03950	LK433_03945
LK433_RS03955	LK433_03950
LK433_RS03960	LK433_03955
LK433_RS03965	LK433_03960
LK433_RS03970	LK433_03965
LK433_RS03975	LK433_03970
LK433_RS03980	LK433_03975
LK433_RS03985	LK433_03980
LK433_RS03990	LK433_03985
LK433_RS03995	LK433_03990
LK433_RS04000	LK433_03995
LK433_RS04005	LK433_04000
LK433_RS04010	LK433_04005
LK433_RS04015	LK433_04010
LK433_RS04020	LK433_04015
LK433_RS04025	LK433_04020
LK433_RS04030	LK433_04025
LK433_RS04035	LK433_04030
LK433_RS04040	LK433_04035
LK433_RS04045	LK433_04040
LK433_RS04050	LK433_04045
LK433_RS04055	LK433_04050
LK433_RS04060	LK433_04055
LK433_RS04065	LK433_04060
LK433_RS04070	LK433_04065
LK433_RS04075	LK433_04070
LK433_RS04080	LK433_04075
LK433_RS04085	LK433_04080
LK433_RS04090	LK433_04085
LK433_RS04095	LK433_04090
LK433_RS04100	LK433_04095
LK433_RS04105	LK433_04100
LK433_RS04110	LK433_04105
LK433_RS04115	LK433_04110
LK433_RS04120	LK433_04115
LK433_RS04125	LK433_04120
LK433_RS04130	LK433_04125
LK433_RS04135	LK433_04130
LK433_RS04140	LK433_04135
LK433_RS04145	LK433_04140
LK433_RS04150	LK433_04145
LK433_RS04155	LK433_04150
LK433_RS04160	LK433_04155
LK433_RS04165	LK433_04160
LK433_RS04170	LK433_04165
LK433_RS04175	LK433_04170
LK433_RS04180	LK433_04175
LK433_RS04185	LK433_04180
LK433_RS04190	LK433_04185
LK433_RS04195	LK433_04190
LK433_RS04200	LK433_04195
LK433_RS04205	LK433_04200
LK433_RS04210	LK433_04205
LK433_RS04215	LK433_04210
LK433_RS04220	LK433_04215
LK433_RS04225	LK433_04220
LK433_RS04230	LK433_04225
LK433_RS04235	LK433_04230
LK433_RS04240	LK433_04235
LK433_RS04245	LK433_04240
LK433_RS04250	LK433_04245
LK433_RS04255	LK433_04250
LK433_RS04260	LK433_04255
LK433_RS04265	LK433_04260
LK433_RS04270	LK433_04265
LK433_RS04275	LK433_04270
LK433_RS04280	LK433_04275
LK433_RS04285	LK433_04280
LK433_RS04290	LK433_04285
LK433_RS04295	LK433_04290
LK433_RS04300	LK433_04295
LK433_RS04305	LK433_04300
LK433_RS04310	LK433_04305
LK433_RS04315	LK433_04310
LK433_RS04320	LK433_04315
LK433_RS04325	LK433_04320
LK433_RS04330	LK433_04325
LK433_RS04335	LK433_04330
LK433_RS04340	LK433_04335
LK433_RS04345	LK433_04340
LK433_RS04350	LK433_04345
LK433_RS04355	LK433_04350
LK433_RS04360	LK433_04355
LK433_RS04365	LK433_04360
LK433_RS04370	LK433_04365
LK433_RS04375	LK433_04370
LK433_RS04380	LK433_04375
LK433_RS04385	LK433_04380
LK433_RS04390	LK433_04385
LK433_RS04395	LK433_04390
LK433_RS04400	LK433_04395
LK433_RS04405	LK433_04400
LK433_RS04410	LK433_04405
LK433_RS04415	LK433_04410
LK433_RS04420	LK433_04415
LK433_RS04425	LK433_04420
LK433_RS04430	LK433_04425
LK433_RS04435	LK433_04430
LK433_RS04440	LK433_04435
LK433_RS04445	LK433_04440
LK433_RS04450	LK433_04445
LK433_RS04455	LK433_04450
LK433_RS04460	LK433_04455
LK433_RS04465	LK433_04460
LK433_RS04470	LK433_04465
LK433_RS04475	LK433_04470
LK433_RS04480	LK433_04475
LK433_RS04485	LK433_04480
LK433_RS04490	LK433_04485
LK433_RS04495	LK433_04490
LK433_RS04500	LK433_04495
LK433_RS04505	LK433_04500
LK433_RS04510	LK433_04505
LK433_RS04515	LK433_04510
LK433_RS04520	LK433_04515
LK433_RS04525	LK433_04520
LK433_RS04530	LK433_04525
LK433_RS04535	LK433_04530
LK433_RS04540	LK433_04535
LK433_RS04545	LK433_04540
LK433_RS04550	LK433_04545
LK433_RS04555	LK433_04550
LK433_RS04560	LK433_04555
LK433_RS04565	LK433_04560
LK433_RS04570	LK433_04565
LK433_RS04575	LK433_04570
LK433_RS04580	LK433_04575
LK433_RS04585	LK433_04580
LK433_RS04590	LK433_04585
LK433_RS04595	LK433_04590
LK433_RS04600	LK433_04595
LK433_RS04605	LK433_04600
LK433_RS04610	LK433_04605
LK433_RS04615	LK433_04610
LK433_RS04620	LK433_04615
LK433_RS04625	LK433_04620
LK433_RS04630	LK433_04625
LK433_RS04635	LK433_04630
LK433_RS04640	LK433_04635
LK433_RS04645	LK433_04640
LK433_RS04650	LK433_04645
LK433_RS04655	LK433_04650
LK433_RS04660	LK433_04655
LK433_RS04665	LK433_04660
LK433_RS04670	LK433_04665
LK433_RS04675	LK433_04670
LK433_RS04680	LK433_04675
LK433_RS04685	LK433_04680
LK433_RS04690	LK433_04685
LK433_RS04695	LK433_04690
LK433_RS04700	LK433_04695
LK433_RS04705	LK433_04700
LK433_RS04710	LK433_04705
LK433_RS04715	LK433_04710
LK433_RS04720	LK433_04715
LK433_RS04725	LK433_04720
LK433_RS04730	LK433_04725
LK433_RS04735	LK433_04730
LK433_RS04740	LK433_04735
LK433_RS04745	LK433_04740
LK433_RS04750	LK433_04745
LK433_RS04755	LK433_04750
LK433_RS04760	LK433_04755
LK433_RS04765	LK433_04760
LK433_RS04770	LK433_04765
LK433_RS04775	LK433_04770
LK433_RS04780	LK433_04775
LK433_RS04785	LK433_04780
LK433_RS04790	LK433_04785
LK433_RS04795	LK433_04790
LK433_RS04800	LK433_04795
LK433_RS04805	LK433_04800
LK433_RS04810	LK433_04805
LK433_RS04815	LK433_04810
LK433_RS04820	LK433_04815
LK433_RS04825	LK433_04820
LK433_RS04830	LK433_04825
LK433_RS04835	LK433_04830
LK433_RS04840	LK433_04835
LK433_RS04845	LK433_04840
LK433_RS04850	LK433_04845
LK433_RS04855	LK433_04850
LK433_RS04860	LK433_04855
LK433_RS04865	LK433_04860
LK433_RS04870	LK433_04865
LK433_RS04875	LK433_04870
LK433_RS04880	LK433_04875
LK433_RS04885	LK433_04880
LK433_RS04890	LK433_04885
LK433_RS04895	LK433_04890
LK433_RS04900	LK433_04895
LK433_RS04905	LK433_04900
LK433_RS04910	LK433_04905
LK433_RS04915	LK433_04910
LK433_RS04920	LK433_04915
LK433_RS04925	LK433_04920
LK433_RS04930	LK433_04925
LK433_RS04935	LK433_04930
LK433_RS04940	LK433_04935
LK433_RS04945	LK433_04940
LK433_RS04950	LK433_04945
LK433_RS04955	LK433_04950
LK433_RS04960	LK433_04955
LK433_RS04965	LK433_04960
LK433_RS04970	LK433_04965
LK433_RS04975	LK433_04970
LK433_RS04980	LK433_04975
LK433_RS04985	LK433_04980
LK433_RS04990	LK433_04985
LK433_RS04995	LK433_04990
LK433_RS05000	LK433_04995
LK433_RS05005	LK433_05000
LK433_RS05010	LK433_05005
LK433_RS05015	LK433_05010
LK433_RS05020	LK433_05015
LK433_RS05025	LK433_05020
LK433_RS05030	LK433_05025
LK433_RS05035	LK433_05030
LK433_RS05040	LK433_05035
LK433_RS05045	LK433_05040
LK433_RS05050	LK433_05045
LK433_RS05055	LK433_05050
LK433_RS05060	LK433_05055
LK433_RS05065	LK433_05060
LK433_RS05070	LK433_05065
LK433_RS05075	LK433_05070
LK433_RS05080	LK433_05075
LK433_RS05085	LK433_05080
LK433_RS05090	LK433_05085
LK433_RS05095	LK433_05090
LK433_RS05100	LK433_05095
LK433_RS05105	LK433_05100
LK433_RS05110	LK433_05105
LK433_RS05115	LK433_05110
LK433_RS05120	LK433_05115
LK433_RS05125	LK433_05120
LK433_RS05130	LK433_05125
LK433_RS05135	LK433_05130
LK433_RS05140	LK433_05135
LK433_RS05145	LK433_05140
LK433_RS05150	LK433_05145
LK433_RS05155	LK433_05150
LK433_RS05160	LK433_05155
LK433_RS05165	LK433_05160
LK433_RS05170	LK433_05165
LK433_RS05175	LK433_05170
LK433_RS05180	LK433_05175
LK433_RS05185	LK433_05180
LK433_RS05190	LK433_05185
LK433_RS05195	LK433_05190
LK433_RS05200	LK433_05195
LK433_RS05205	LK433_05200
LK433_RS05210	LK433_05205
LK433_RS05215	LK433_05210
LK433_RS05220	LK433_05215
LK433_RS05225	LK433_05220
LK433_RS05230	LK433_05225
LK433_RS05235	LK433_05230
LK433_RS05240	LK433_05235
LK433_RS05245	LK433_05240
LK433_RS05250	LK433_05245
LK433_RS05255	LK433_05250
LK433_RS05260	LK433_05255
LK433_RS05265	LK433_05260
LK433_RS05270	LK433_05265
LK433_RS05275	LK433_05270
LK433_RS05280	LK433_05275
LK433_RS05285	LK433_05280
LK433_RS05290	LK433_05285
LK433_RS05295	LK433_05290
LK433_RS05300	LK433_05295
LK433_RS05305	LK433_05300
LK433_RS05310	LK433_05305
LK433_RS05315	LK433_05310
LK433_RS05320	LK433_05315
LK433_RS05325	LK433_05320
LK433_RS05330	LK433_05325
LK433_RS05335	LK433_05330
LK433_RS05340	LK433_05335
LK433_RS05345	LK433_05340
LK433_RS05350	LK433_05345
LK433_RS05355	LK433_05350
LK433_RS05360	LK433_05355
LK433_RS05365	LK433_05360
LK433_RS05370	LK433_05365
LK433_RS05375	LK433_05370
LK433_RS05380	LK433_05375
LK433_RS05385	LK433_05380
LK433_RS05390	LK433_05385
LK433_RS05395	LK433_05390
LK433_RS05400	LK433_05395
LK433_RS05405	LK433_05400
LK433_RS05410	LK433_05405
LK433_RS05415	LK433_05410
LK433_RS05420	LK433_05415
LK433_RS05425	LK433_05420
LK433_RS05430	LK433_05425
LK433_RS05435	LK433_05430
LK433_RS05440	LK433_05435
LK433_RS05445	LK433_05440
LK433_RS05450	LK433_05445
LK433_RS05455	LK433_05450
LK433_RS05460	LK433_05455
LK433_RS05465	LK433_05460
LK433_RS05470	LK433_05465
LK433_RS05475	LK433_05470
LK433_RS05480	LK433_05475
LK433_RS05485	LK433_05480
LK433_RS05490	LK433_05485
LK433_RS05495	LK433_05490
LK433_RS05500	LK433_05495
LK433_RS05505	LK433_05500
LK433_RS05510	LK433_05505
LK433_RS05515	LK433_05510
LK433_RS05520	LK433_05515
LK433_RS05525	LK433_05520
LK433_RS05530	LK433_05525
LK433_RS05535	LK433_05530
LK433_RS05540	LK433_05535
LK433_RS05545	LK433_05540
LK433_RS05550	LK433_05545
LK433_RS05555	LK433_05550
LK433_RS05560	LK433_05555
LK433_RS05565	LK433_05560
LK433_RS05570	LK433_05565
LK433_RS05575	LK433_05570
LK433_RS05580	LK433_05575
LK433_RS05585	LK433_05580
LK433_RS05590	LK433_05585
LK433_RS05595	LK433_05590
LK433_RS05600	LK433_05595
LK433_RS05605	LK433_05600
LK433_RS05610	LK433_05605
LK433_RS05615	LK433_05610
LK433_RS05620	LK433_05615
LK433_RS05625	LK433_05620
LK433_RS05630	LK433_05625
LK433_RS05635	LK433_05630
LK433_RS05640	LK433_05635
LK433_RS05645	LK433_05640
LK433_RS05650	LK433_05645
LK433_RS05655	LK433_05650
LK433_RS05660	LK433_05655
LK433_RS05665	LK433_05660
LK433_RS05670	LK433_05665
LK433_RS05675	LK433_05670
LK433_RS05680	LK433_05675
LK433_RS05685	LK433_05680
LK433_RS05690	LK433_05685
LK433_RS05695	LK433_05690
LK433_RS05700	LK433_05695
LK433_RS05705	LK433_05700
LK433_RS05710	LK433_05705
LK433_RS05715	LK433_05710
LK433_RS05720	LK433_05715
LK433_RS05725	LK433_05720
LK433_RS05730	LK433_05725
LK433_RS05735	LK433_05730
LK433_RS05740	LK433_05735
LK433_RS05745	LK433_05740
LK433_RS05750	LK433_05745
LK433_RS05755	LK433_05750
LK433_RS05760	LK433_05755
LK433_RS05765	LK433_05760
LK433_RS05770	LK433_05765
LK433_RS05775	LK433_05770
LK433_RS05780	LK433_05775
LK433_RS05785	LK433_05780
LK433_RS05790	LK433_05785
LK433_RS05795	LK433_05790
LK433_RS05800	LK433_05795
LK433_RS05805	LK433_05800
LK433_RS05810	LK433_05805
LK433_RS05815	LK433_05810
LK433_RS05820	LK433_05815
LK433_RS05825	LK433_05820
LK433_RS05830	LK433_05825
LK433_RS05835	LK433_05830
LK433_RS05840	LK433_05835
LK433_RS05845	LK433_05840
LK433_RS05850	LK433_05845
LK433_RS05855	LK433_05850
LK433_RS05860	LK433_05855
LK433_RS05865	LK433_05860
LK433_RS05870	LK433_05865
LK433_RS05875	LK433_05870
LK433_RS05880	LK433_05875
LK433_RS05885	LK433_05880
LK433_RS05890	LK433_05885
LK433_RS05895	LK433_05890
LK433_RS05900	LK433_05895
LK433_RS05905	LK433_05900
LK433_RS05910	LK433_05905
LK433_RS05915	LK433_05910
LK433_RS05920	LK433_05915
LK433_RS05925	LK433_05920
LK433_RS05930	LK433_05925
LK433_RS05935	LK433_05930
LK433_RS05940	LK433_05935
LK433_RS05945	LK433_05940
LK433_RS05950	LK433_05945
LK433_RS05955	LK433_05950
LK433_RS05960	LK433_05955
LK433_RS05965	LK433_05960
LK433_RS05970	LK433_05965
LK433_RS05975	LK433_05970
LK433_RS05980	LK433_05975
LK433_RS05985	LK433_05980
LK433_RS05990	LK433_05985
LK433_RS05995	LK433_05990
LK433_RS06000	LK433_05995
LK433_RS06005	LK433_06000
LK433_RS06010	LK433_06005
LK433_RS06015	LK433_06010
LK433_RS06020	LK433_06015
LK433_RS06025	LK433_06020
LK433_RS06030	LK433_06025
LK433_RS06035	LK433_06030
LK433_RS06040	LK433_06035
LK433_RS06045	LK433_06040
LK433_RS06050	LK433_06045
LK433_RS06055	LK433_06050
LK433_RS06060	LK433_06055
LK433_RS06065	LK433_06060
LK433_RS06070	LK433_06065
LK433_RS06075	LK433_06070
LK433_RS06080	LK433_06075
LK433_RS06085	LK433_06080
LK433_RS06090	LK433_06085
LK433_RS06095	LK433_06090
LK433_RS06100	LK433_06095
LK433_RS06105	LK433_06100
LK433_RS06110	LK433_06105
LK433_RS06115	LK433_06110
LK433_RS06120	LK433_06115
LK433_RS06125	LK433_06120
LK433_RS06130	LK433_06125
LK433_RS06135	LK433_06130
LK433_RS06140	LK433_06135
LK433_RS06145	LK433_06140
LK433_RS06150	LK433_06145
LK433_RS06155	LK433_06150
LK433_RS06160	LK433_06155
LK433_RS06165	LK433_06160
LK433_RS06170	LK433_06165
LK433_RS06175	LK433_06170
LK433_RS06180	LK433_06175
LK433_RS06185	LK433_06180
LK433_RS06190	LK433_06185
LK433_RS06195	LK433_06190
LK433_RS06200	LK433_06195
LK433_RS06205	LK433_06200
LK433_RS06210	LK433_06205
LK433_RS06215	LK433_06210
LK433_RS06220	LK433_06215
LK433_RS06225	LK433_06220
LK433_RS06230	LK433_06225
LK433_RS06235	LK433_06230
LK433_RS06240	LK433_06235
LK433_RS06245	LK433_06240
LK433_RS06250	LK433_06245
LK433_RS06255	LK433_06250
LK433_RS06260	LK433_06255
LK433_RS06265	LK433_06260
LK433_RS06270	LK433_06265
LK433_RS06275	LK433_06270
LK433_RS06280	LK433_06275
LK433_RS06285	LK433_06280
LK433_RS06290	LK433_06285
LK433_RS06295	LK433_06290
LK433_RS06300	LK433_06295
LK433_RS06305	LK433_06300
LK433_RS06310	LK433_06305
LK433_RS06315	LK433_06310
LK433_RS06320	LK433_06315
LK433_RS06325	LK433_06320
LK433_RS06330	LK433_06325
LK433_RS06335	LK433_06330
LK433_RS06340	LK433_06335
LK433_RS06345	LK433_06340
LK433_RS06350	LK433_06345
LK433_RS06355	LK433_06350
LK433_RS06360	LK433_06355
LK433_RS06365	LK433_06360
LK433_RS06370	LK433_06365
LK433_RS06375	LK433_06375
LK433_RS06380	LK433_06380
LK433_RS06385	LK433_06385
LK433_RS06390	LK433_06390
LK433_RS06395	LK433_06395
LK433_RS06400	LK433_06400
LK433_RS06405	LK433_06405
LK433_RS06410	LK433_06410
LK433_RS06415	LK433_06415
LK433_RS06420	LK433_06420
LK433_RS06425	LK433_06425
LK433_RS06430	LK433_06430
LK433_RS06435	LK433_06435
LK433_RS06440	LK433_06440
LK433_RS06445	LK433_06445
LK433_RS06450	LK433_06450
LK433_RS06455	LK433_06455
LK433_RS06460	LK433_06460
LK433_RS06465	LK433_06465
LK433_RS06470	LK433_06470
LK433_RS06475	LK433_06475
LK433_RS06480	LK433_06480
LK433_RS06485	LK433_06485
LK433_RS06490	LK433_06490
LK433_RS06495	LK433_06495
LK433_RS06500	LK433_06500
LK433_RS06505	LK433_06505
LK433_RS06510	LK433_06510
LK433_RS06515	LK433_06515
LK433_RS06520	LK433_06520
LK433_RS06525	LK433_06525
LK433_RS06530	LK433_06530
LK433_RS06535	LK433_06535
LK433_RS06540	LK433_06540
LK433_RS06545	LK433_06545
LK433_RS06550	LK433_06550
LK433_RS06555	LK433_06555
LK433_RS06560	LK433_06560
LK433_RS06565	LK433_06565
LK433_RS06570	LK433_06570
LK433_RS06575	LK433_06575
LK433_RS06580	LK433_06580
LK433_RS06585	LK433_06585
LK433_RS06590	LK433_06590
LK433_RS06595	LK433_06595
LK433_RS06600	LK433_06600
LK433_RS06605	LK433_06605
LK433_RS06610	LK433_06610
LK433_RS06615	LK433_06615
LK433_RS06620	LK433_06620
LK433_RS06625	LK433_06625
LK433_RS06630	LK433_06630
LK433_RS06635	LK433_06635
LK433_RS06640	LK433_06640
LK433_RS06645	LK433_06645
LK433_RS06650	LK433_06650
LK433_RS06655	LK433_06655
LK433_RS06660	LK433_06660
LK433_RS06665	LK433_06665
LK433_RS06670	LK433_06670
LK433_RS06675	LK433_06675
LK433_RS06680	LK433_06680
LK433_RS06685	LK433_06685
LK433_RS06690	LK433_06690
LK433_RS06695	LK433_06695
LK433_RS06700	LK433_06700
LK433_RS06705	LK433_06705
LK433_RS06710	LK433_06710
LK433_RS06715	LK433_06715
LK433_RS06720	LK433_06720
LK433_RS06725	LK433_06725
LK433_RS06730	LK433_06730
LK433_RS06735	LK433_06735
LK433_RS06740	LK433_06740
LK433_RS06745	LK433_06745
LK433_RS06750	LK433_06750
LK433_RS06755	LK433_06755
LK433_RS06760	LK433_06760
LK433_RS06765	LK433_06765
LK433_RS06770	LK433_06770
LK433_RS06775	LK433_06775
LK433_RS06780	LK433_06780
LK433_RS06785	LK433_06785
LK433_RS06790	LK433_06790
LK433_RS06795	LK433_06795
LK433_RS06800	LK433_06800
LK433_RS06805	LK433_06805
LK433_RS06810	LK433_06810
LK433_RS06815	LK433_06815
LK433_RS06820	LK433_06820
LK433_RS06825	LK433_06825
LK433_RS06830	LK433_06830
LK433_RS06835	LK433_06835
LK433_RS06840	LK433_06840
LK433_RS06845	LK433_06845
LK433_RS06850	LK433_06850
LK433_RS06855	LK433_06855
LK433_RS06860	LK433_06860
LK433_RS06865	LK433_06865
LK433_RS06870	LK433_06870
LK433_RS06875	LK433_06875
LK433_RS06880	LK433_06880
LK433_RS06885	LK433_06885
LK433_RS06890	LK433_06890
LK433_RS06895	LK433_06895
LK433_RS06900	LK433_06900
LK433_RS06905	LK433_06905
LK433_RS06910	LK433_06910
LK433_RS06915	LK433_06915
LK433_RS06920	LK433_06920
LK433_RS06925	LK433_06925
LK433_RS06930	LK433_06930
LK433_RS06935	LK433_06935
LK433_RS06940	LK433_06940
LK433_RS06945	LK433_06945
LK433_RS06950	LK433_06950
LK433_RS06955	LK433_06955
LK433_RS06960	LK433_06960
LK433_RS06965	LK433_06965
LK433_RS06970	LK433_06970
LK433_RS06975	LK433_06975
LK433_RS06980	LK433_06980
LK433_RS06985	LK433_06985
LK433_RS06990	LK433_06990
LK433_RS06995	LK433_06995
LK433_RS07000	LK433_07000
LK433_RS07005	LK433_07005
LK433_RS07010	LK433_07010
LK433_RS07015	LK433_07015
LK433_RS07020	LK433_07020
LK433_RS07025	LK433_07025
LK433_RS07030	LK433_07030
LK433_RS07035	LK433_07035
LK433_RS07040	LK433_07040
LK433_RS07045	LK433_07045
LK433_RS07050	LK433_07050
LK433_RS07055	LK433_07055
LK433_RS07060	LK433_07060
LK433_RS07065	LK433_07065
LK433_RS07070	LK433_07070
LK433_RS07075	LK433_07075
LK433_RS07080	LK433_07080
LK433_RS07085	LK433_07085
LK433_RS07090	LK433_07090
LK433_RS07095	LK433_07095
LK433_RS07100	LK433_07100
LK433_RS07105	LK433_07105
LK433_RS07110	LK433_07110
LK433_RS07115	LK433_07115
LK433_RS07120	LK433_07120
LK433_RS07125	LK433_07125
LK433_RS07130	LK433_07130
LK433_RS07135	LK433_07135
LK433_RS07140	LK433_07140
LK433_RS07145	LK433_07145
LK433_RS07150	LK433_07150
LK433_RS07155	LK433_07155
LK433_RS07160	LK433_07160
LK433_RS07165	LK433_07165
LK433_RS07170	LK433_07170
LK433_RS07175	LK433_07175
LK433_RS07180	LK433_07180
LK433_RS07185	LK433_07185
LK433_RS07190	LK433_07190
LK433_RS07195	LK433_07195
LK433_RS07200	LK433_07200
LK433_RS07205	LK433_07205
LK433_RS07210	LK433_07210
LK433_RS07215	LK433_07215
LK433_RS07220	LK433_07220
LK433_RS07225	LK433_07225
LK433_RS07230	LK433_07230
LK433_RS07235	LK433_07235
LK433_RS07240	LK433_07240
LK433_RS07245	LK433_07245
LK433_RS07250	LK433_07250
LK433_RS07255	LK433_07255
LK433_RS07260	LK433_07260
LK433_RS07265	LK433_07265
LK433_RS07270	LK433_07270
LK433_RS07275	LK433_07275
LK433_RS07280	LK433_07280
LK433_RS07285	LK433_07285
LK433_RS07290	LK433_07290
LK433_RS07295	LK433_07295
LK433_RS07300	LK433_07300
LK433_RS07305	LK433_07305
LK433_RS07310	LK433_07310
LK433_RS07315	LK433_07315
LK433_RS07320	LK433_07320
LK433_RS07325	LK433_07325
LK433_RS07330	LK433_07330
LK433_RS07335	LK433_07335
LK433_RS07340	LK433_07340
LK433_RS07345	LK433_07345
LK433_RS07350	LK433_07350
LK433_RS07355	LK433_07355
LK433_RS07360	LK433_07360
LK433_RS07365	LK433_07365
LK433_RS07370	LK433_07370
LK433_RS07375	LK433_07375
LK433_RS07380	LK433_07380
LK433_RS07385	LK433_07385
LK433_RS07390	LK433_07390
LK433_RS07395	LK433_07395
LK433_RS07400	LK433_07400
LK433_RS07405	LK433_07405
LK433_RS07410	LK433_07410
LK433_RS07415	LK433_07415
LK433_RS07420	LK433_07420
LK433_RS07425	LK433_07425
LK433_RS07430	LK433_07430
LK433_RS07435	LK433_07435
LK433_RS07440	LK433_07440
LK433_RS07445	LK433_07445
LK433_RS07450	LK433_07450
LK433_RS07455	LK433_07455
LK433_RS07460	LK433_07460
LK433_RS07465	LK433_07465
LK433_RS07470	LK433_07470
LK433_RS07475	LK433_07475
LK433_RS07480	LK433_07480
LK433_RS07485	LK433_07485
LK433_RS07490	LK433_07490
LK433_RS07495	LK433_07495
LK433_RS07500	LK433_07500
LK433_RS07505	LK433_07505
LK433_RS07510	LK433_07510
LK433_RS07515	LK433_07515
LK433_RS07520	LK433_07520
LK433_RS07525	LK433_07525
LK433_RS07530	LK433_07530
LK433_RS07535	LK433_07535
LK433_RS07540	LK433_07540
LK433_RS07545	LK433_07545
LK433_RS07550	LK433_07550
LK433_RS07555	LK433_07555
LK433_RS07560	LK433_07560
LK433_RS07565	LK433_07565
LK433_RS07570	LK433_07570
LK433_RS07575	LK433_07575
LK433_RS07580	LK433_07580
LK433_RS07585	LK433_07585
LK433_RS07590	LK433_07590
LK433_RS07595	LK433_07595
LK433_RS07600	LK433_07600
LK433_RS07605	LK433_07605
LK433_RS07610	LK433_07610
LK433_RS07615	LK433_07615
LK433_RS07620	LK433_07620
LK433_RS07625	LK433_07625
LK433_RS07630	LK433_07630
LK433_RS07635	LK433_07635
LK433_RS07640	LK433_07640
LK433_RS07645	LK433_07645
LK433_RS07650	LK433_07650
LK433_RS07655	LK433_07655
LK433_RS07660	LK433_07660
LK433_RS07665	LK433_07665
LK433_RS07670	LK433_07670
LK433_RS07675	LK433_07675
LK433_RS07680	LK433_07680
LK433_RS07685	LK433_07685
LK433_RS07690	LK433_07690
LK433_RS07695	LK433_07695
LK433_RS07700	LK433_07700
LK433_RS07705	LK433_07705
LK433_RS07710	LK433_07710
LK433_RS07715	LK433_07715
LK433_RS07720	LK433_07720
LK433_RS07725	LK433_07725
LK433_RS07730	LK433_07730
LK433_RS07735	LK433_07735
LK433_RS07740	LK433_07740
LK433_RS07745	LK433_07745
LK433_RS07750	LK433_07750
LK433_RS07755	LK433_07755
LK433_RS07760	LK433_07760
LK433_RS07765	LK433_07765
LK433_RS07770	LK433_07770
LK433_RS07775	LK433_07775
LK433_RS07780	LK433_07780
LK433_RS07785	LK433_07785
LK433_RS07790	LK433_07790
LK433_RS07795	LK433_07795
LK433_RS07800	LK433_07800
LK433_RS07805	LK433_07805
LK433_RS07810	LK433_07810
LK433_RS07815	LK433_07815
LK433_RS07820	LK433_07820
LK433_RS07825	LK433_07825
LK433_RS07830	LK433_07830
LK433_RS07835	LK433_07835
LK433_RS07840	LK433_07840
LK433_RS07845	LK433_07845
LK433_RS07850	LK433_07850
LK433_RS07855	LK433_07855
LK433_RS07860	LK433_07860
LK433_RS07865	LK433_07865
LK433_RS07870	LK433_07870
LK433_RS07875	LK433_07875
LK433_RS07880	LK433_07880
LK433_RS07885	LK433_07885
LK433_RS07890	LK433_07890
LK433_RS07895	LK433_07895
LK433_RS07900	LK433_07900
LK433_RS07905	LK433_07905
LK433_RS07910	LK433_07910
LK433_RS07915	LK433_07915
LK433_RS07920	LK433_07920
LK433_RS07925	LK433_07925
LK433_RS07930	LK433_07930
LK433_RS07935	LK433_07935
LK433_RS07940	LK433_07940
LK433_RS07945	LK433_07945
LK433_RS07950	LK433_07950
LK433_RS07955	LK433_07955
LK433_RS07960	LK433_07960
LK433_RS07965	LK433_07965
LK433_RS07970	LK433_07970
LK433_RS07975	LK433_07975
LK433_RS07980	LK433_07980
LK433_RS07985	LK433_07985
LK433_RS07990	LK433_07990
LK433_RS07995	LK433_07995
LK433_RS08000	LK433_08000
LK433_RS08005	LK433_08005
LK433_RS08010	LK433_08010
LK433_RS08015	LK433_08015
LK433_RS08020	LK433_08020
LK433_RS08025	LK433_08025
LK433_RS08030	LK433_08030
LK433_RS08035	LK433_08035
LK433_RS08040	LK433_08040
LK433_RS08045	LK433_08045
LK433_RS08050	LK433_08050
LK433_RS08055	LK433_08055
LK433_RS08060	LK433_08060
LK433_RS08065	LK433_08065
LK433_RS08070	LK433_08070
LK433_RS08075	LK433_08075
LK433_RS08080	LK433_08080
LK433_RS08085	LK433_08085
LK433_RS08090	LK433_08090
LK433_RS08095	LK433_08095
LK433_RS08100	LK433_08100
LK433_RS08105	LK433_08105
LK433_RS08110	LK433_08110
LK433_RS08115	LK433_08115
LK433_RS08120	LK433_08120
LK433_RS08125	LK433_08125
LK433_RS08130	LK433_08130
LK433_RS08135	LK433_08135
LK433_RS08140	LK433_08140
LK433_RS08145	LK433_08145
LK433_RS08150	LK433_08150
LK433_RS08155	LK433_08155
LK433_RS08160	LK433_08160
LK433_RS08165	LK433_08165
LK433_RS08170	LK433_08170
LK433_RS08175	LK433_08175
LK433_RS08180	LK433_08180
LK433_RS08185	LK433_08185
LK433_RS08190	LK433_08190
LK433_RS08195	LK433_08195
LK433_RS08200	LK433_08200
LK433_RS08205	LK433_08205
LK433_RS08210	LK433_08210
LK433_RS08215	LK433_08215
LK433_RS08220	LK433_08220
LK433_RS08225	LK433_08225
LK433_RS08230	LK433_08230
LK433_RS08235	LK433_08235
LK433_RS08240	LK433_08240
LK433_RS08245	LK433_08245
LK433_RS08250	LK433_08250
LK433_RS08255	LK433_08255
LK433_RS08260	LK433_08260
LK433_RS08265	LK433_08265
LK433_RS08270	LK433_08270
LK433_RS08275	LK433_08275
LK433_RS08280	LK433_08280
LK433_RS08285	LK433_08285
LK433_RS08290	LK433_08290
LK433_RS08295	LK433_08295
LK433_RS08300	LK433_08300
LK433_RS08305	LK433_08305
LK433_RS08310	LK433_08310
LK433_RS08315	LK433_08315
LK433_RS08320	LK433_08320
LK433_RS08325	LK433_08325
LK433_RS08330	LK433_08330
LK433_RS08335	LK433_08335
LK433_RS08340	LK433_08340
LK433_RS08345	LK433_08345
LK433_RS08350	LK433_08350
LK433_RS08355	LK433_08355
LK433_RS08360	LK433_08360
LK433_RS08365	LK433_08365
LK433_RS08370	LK433_08370
LK433_RS08375	LK433_08375
LK433_RS08380	LK433_08380
LK433_RS08385	LK433_08385
LK433_RS08390	LK433_08390
LK433_RS08395	LK433_08395
LK433_RS08400	LK433_08400
LK433_RS08405	LK433_08405
LK433_RS08410	LK433_08410
LK433_RS08415	LK433_08415
LK433_RS08420	LK433_08420
LK433_RS08425	LK433_08425
LK433_RS08430	LK433_08430
LK433_RS08435	LK433_08435
LK433_RS08440	LK433_08440
LK433_RS08445	LK433_08445
LK433_RS08450	LK433_08450
LK433_RS08455	LK433_08455
LK433_RS08460	LK433_08460
LK433_RS08465	LK433_08465
LK433_RS08470	LK433_08470
LK433_RS08475	LK433_08475
LK433_RS08480	LK433_08480
LK433_RS08485	LK433_08485
LK433_RS08490	LK433_08490
LK433_RS08495	LK433_08495
LK433_RS08500	LK433_08500
LK433_RS08505	LK433_08505
LK433_RS08510	LK433_08510
LK433_RS08515	LK433_08515
LK433_RS08520	LK433_08520
LK433_RS08525	LK433_08525
LK433_RS08530	LK433_08530
LK433_RS08535	LK433_08535
LK433_RS08540	LK433_08540
LK433_RS08545	LK433_08545
LK433_RS08550	LK433_08550
LK433_RS08555	LK433_08555
LK433_RS08560	LK433_08560
LK433_RS08565	LK433_08565
LK433_RS08570	LK433_08570
LK433_RS08575	LK433_08575
LK433_RS08580	LK433_08580
LK433_RS08585	LK433_08585
LK433_RS08590	LK433_08590
LK433_RS08595	LK433_08595
LK433_RS08600	LK433_08600
LK433_RS08605	LK433_08605
LK433_RS08610	LK433_08610
LK433_RS08615	LK433_08615
LK433_RS08620	LK433_08620
LK433_RS08625	LK433_08625
LK433_RS08630	LK433_08630
LK433_RS08635	LK433_08635
LK433_RS08640	LK433_08640
LK433_RS08645	LK433_08645
LK433_RS08650	LK433_08650
LK433_RS08655	LK433_08655
LK433_RS08660	LK433_08660
LK433_RS08665	LK433_08665
LK433_RS08670	LK433_08670
LK433_RS08675	LK433_08675
LK433_RS08680	LK433_08680
LK433_RS08685	LK433_08685
LK433_RS08690	LK433_08690
LK433_RS08695	LK433_08695
LK433_RS08700	LK433_08700
LK433_RS08705	LK433_08705
LK433_RS08710	LK433_08710
LK433_RS08715	LK433_08715
LK433_RS08720	LK433_08720
LK433_RS08725	LK433_08725
LK433_RS08730	LK433_08730
LK433_RS08735	LK433_08735
LK433_RS08740	LK433_08740
LK433_RS08745	LK433_08745
LK433_RS08750	LK433_08750
LK433_RS08755	LK433_08755
LK433_RS08760	LK433_08760
LK433_RS08765	LK433_08765
LK433_RS08770	LK433_08770
LK433_RS08775	LK433_08775
LK433_RS08780	LK433_08780
LK433_RS08785	LK433_08785
LK433_RS08790	LK433_08790
LK433_RS08795	LK433_08795
LK433_RS08800	LK433_08800
LK433_RS08805	LK433_08805
LK433_RS08810	LK433_08810
LK433_RS08815	LK433_08815
LK433_RS08820	LK433_08820
LK433_RS08825	LK433_08825
LK433_RS08830	LK433_08830
LK433_RS08835	LK433_08835
LK433_RS08840	LK433_08840
LK433_RS08845	LK433_08845
LK433_RS08850	LK433_08850
LK433_RS08855	LK433_08855
LK433_RS08860	LK433_08860
LK433_RS08865	LK433_08865
LK433_RS08870	LK433_08870
LK433_RS08875	LK433_08875
LK433_RS08880	LK433_08880
LK433_RS08885	LK433_08885
LK433_RS08890	LK433_08890
LK433_RS08895	LK433_08895
LK433_RS08900	LK433_08900
LK433_RS08905	LK433_08905
LK433_RS08910	LK433_08910
LK433_RS08915	LK433_08915
LK433_RS08920	LK433_08920
LK433_RS08925	LK433_08925
LK433_RS08930	LK433_08930
LK433_RS08935	LK433_08935
LK433_RS08940	LK433_08940
LK433_RS08945	LK433_08945
LK433_RS08950	LK433_08950
LK433_RS08955	LK433_08955
LK433_RS08960	LK433_08960
LK433_RS08965	LK433_08965
LK433_RS08970	LK433_08970
LK433_RS08975	LK433_08975
LK433_RS08980	LK433_08980
LK433_RS08985	LK433_08985
LK433_RS08990	LK433_08995
LK433_RS08995	LK433_09000
LK433_RS09000	LK433_09005
LK433_RS09005	LK433_09010
LK433_RS09010	LK433_09015
LK433_RS09015	LK433_09020
LK433_RS09020	LK433_09025
LK433_RS09025	LK433_09030
LK433_RS09030	LK433_09035
LK433_RS09035	LK433_09040
LK433_RS09040	LK433_09045
LK433_RS09045	LK433_09050
LK433_RS09050	LK433_09055
LK433_RS09055	LK433_09060
LK433_RS09060	LK433_09065
LK433_RS09065	LK433_09070
LK433_RS09070	LK433_09075
LK433_RS09075	LK433_09080
LK433_RS09080	LK433_09085
LK433_RS09085	LK433_09090
LK433_RS09090	LK433_09095
LK433_RS09095	LK433_09100
LK433_RS09100	LK433_09105
LK433_RS09105	LK433_09110
LK433_RS09110	LK433_09115
LK433_RS09115	LK433_09120
LK433_RS09120	LK433_09125
LK433_RS09125	LK433_09130
LK433_RS09130	LK433_09135
LK433_RS09135	LK433_09140
LK433_RS09140	LK433_09145
LK433_RS09145	LK433_09150
LK433_RS09150	LK433_09155
LK433_RS09155	LK433_09160
LK433_RS09160	LK433_09165
LK433_RS09165	LK433_09170
LK433_RS09170	LK433_09175
LK433_RS09175	LK433_09180
LK433_RS09180	LK433_09185
LK433_RS09185	LK433_09190
LK433_RS09190	LK433_09195
LK433_RS09195	LK433_09200
LK433_RS09200	LK433_09205
LK433_RS09205	LK433_09210
LK433_RS09210	LK433_09215
LK433_RS09215	LK433_09220
LK433_RS09220	LK433_09225
LK433_RS09225	LK433_09230
LK433_RS09230	LK433_09235
LK433_RS09235	LK433_09240
LK433_RS09240	LK433_09245
LK433_RS09245	LK433_09250
LK433_RS09250	LK433_09255
LK433_RS09255	LK433_09260
LK433_RS09260	LK433_09265
LK433_RS09265	LK433_09270
LK433_RS09270	LK433_09275
LK433_RS09275	LK433_09280
LK433_RS09280	LK433_09285
LK433_RS09285	LK433_09290
LK433_RS09290	LK433_09295
LK433_RS09295	LK433_09300
LK433_RS09300	LK433_09305
LK433_RS09305	LK433_09310
LK433_RS09310	LK433_09315
LK433_RS09315	LK433_09320
LK433_RS09320	LK433_09325
LK433_RS09325	LK433_09330
LK433_RS09330	LK433_09335
LK433_RS09335	LK433_09340
LK433_RS09340	LK433_09345
LK433_RS09345	LK433_09350
LK433_RS09350	LK433_09355
LK433_RS09355	LK433_09360
LK433_RS09360	LK433_09365
LK433_RS09365	LK433_09370
LK433_RS09370	LK433_09375
LK433_RS09375	LK433_09380
LK433_RS09380	LK433_09385
LK433_RS09385	LK433_09390
LK433_RS09390	LK433_09395
LK433_RS09395	LK433_09400
LK433_RS09400	LK433_09405
LK433_RS09405	LK433_09410
LK433_RS09410	LK433_09415
LK433_RS09415	LK433_09420
LK433_RS09420	LK433_09425
LK433_RS09425	LK433_09430
LK433_RS09430	LK433_09435
LK433_RS09435	LK433_09440
LK433_RS09440	LK433_09445
LK433_RS09445	LK433_09450
LK433_RS09450	LK433_09455
LK433_RS09455	LK433_09460
LK433_RS09460	LK433_09465
LK433_RS09465	LK433_09470
LK433_RS09470	LK433_09475
LK433_RS09475	LK433_09480
LK433_RS09480	LK433_09485
LK433_RS09485	LK433_09490
LK433_RS09490	LK433_09495
LK433_RS09495	LK433_09500
LK433_RS09500	LK433_09505
LK433_RS09505	LK433_09510
LK433_RS09510	LK433_09515
LK433_RS09515	LK433_09520
LK433_RS09520	LK433_09525
LK433_RS09525	LK433_09530
LK433_RS09530	LK433_09535
LK433_RS09535	LK433_09540
LK433_RS09540	LK433_09545
LK433_RS09545	LK433_09550
LK433_RS09550	LK433_09555
LK433_RS09555	LK433_09560
LK433_RS09560	LK433_09565
LK433_RS09565	LK433_09570
LK433_RS09570	LK433_09575
LK433_RS09575	LK433_09580
LK433_RS09580	LK433_09585
LK433_RS09585	LK433_09590
LK433_RS09590	LK433_09595
LK433_RS09595	LK433_09600
LK433_RS09600	LK433_09605
LK433_RS09605	LK433_09610
LK433_RS09610	LK433_09615
LK433_RS09615	LK433_09620
LK433_RS09620	LK433_09625
LK433_RS09625	LK433_09630
LK433_RS09630	LK433_09635
LK433_RS09635	LK433_09640
LK433_RS09640	LK433_09645
LK433_RS09645	LK433_09650
LK433_RS09650	LK433_09655
LK433_RS09655	LK433_09660
LK433_RS09660	LK433_09665
LK433_RS09665	LK433_09670
LK433_RS09670	LK433_09675
LK433_RS09675	LK433_09680
LK433_RS09680	LK433_09685
LK433_RS09685	LK433_09690
LK433_RS09690	LK433_09695
LK433_RS09695	LK433_09700
LK433_RS09700	LK433_09705
LK433_RS09705	LK433_09710
LK433_RS09710	LK433_09715
LK433_RS09715	LK433_09720
LK433_RS09720	LK433_09725
LK433_RS09725	LK433_09730
LK433_RS09730	LK433_09735
LK433_RS09735	LK433_09740
LK433_RS09740	LK433_09745
LK433_RS09745	LK433_09750
LK433_RS09750	LK433_09755
LK433_RS09755	LK433_09760
LK433_RS09760	LK433_09765
LK433_RS09765	LK433_09770
LK433_RS09770	LK433_09775
LK433_RS09775	LK433_09780
LK433_RS09780	LK433_09785
LK433_RS09785	LK433_09790
LK433_RS09790	LK433_09795
LK433_RS09795	LK433_09800
LK433_RS09800	LK433_09805
LK433_RS09805	LK433_09810
LK433_RS09810	LK433_09815
LK433_RS09815	LK433_09820
LK433_RS09820	LK433_09825
LK433_RS09825	LK433_09830
LK433_RS09830	LK433_09835
LK433_RS09835	LK433_09840
LK433_RS09840	LK433_09845
LK433_RS09845	LK433_09850
LK433_RS09850	LK433_09855
LK433_RS09855	LK433_09860
LK433_RS09860	LK433_09865
LK433_RS09865	LK433_09870
LK433_RS09870	LK433_09875
LK433_RS09875	LK433_09880
LK433_RS09880	LK433_09885
LK433_RS09885	LK433_09890
LK433_RS09890	LK433_09895
LK433_RS09895	LK433_09900
LK433_RS09900	LK433_09905
LK433_RS09905	LK433_09910
LK433_RS09910	LK433_09915
LK433_RS09915	LK433_09920
LK433_RS09920	LK433_09925
LK433_RS09925	LK433_09930
LK433_RS09930	LK433_09935
LK433_RS09935	LK433_09940
LK433_RS09940	LK433_09945
LK433_RS09945	LK433_09950
LK433_RS09950	LK433_09955
LK433_RS09955	LK433_09960
LK433_RS09960	LK433_09965
LK433_RS09965	LK433_09970
LK433_RS09970	LK433_09975
LK433_RS09975	LK433_09980
LK433_RS09980	LK433_09985
LK433_RS09985	LK433_09990
LK433_RS09990	LK433_09995
LK433_RS09995	LK433_10000
LK433_RS10000	LK433_10005
LK433_RS10005	LK433_10010
LK433_RS10010	LK433_10015
LK433_RS10015	LK433_10020
LK433_RS10020	LK433_10025
LK433_RS10025	LK433_10030
LK433_RS10030	LK433_10035
LK433_RS10035	LK433_10040
LK433_RS10040	LK433_10045
LK433_RS10045	LK433_10050
LK433_RS10050	LK433_10055
LK433_RS10055	LK433_10060
LK433_RS10060	LK433_10065
LK433_RS10065	LK433_10070
LK433_RS10070	LK433_10075
LK433_RS10075	LK433_10080
LK433_RS10080	LK433_10085
LK433_RS10085	LK433_10090
LK433_RS10090	LK433_10095
LK433_RS10095	LK433_10100
LK433_RS10100	LK433_10105
LK433_RS10105	LK433_10110
LK433_RS10110	LK433_10115
LK433_RS10115	LK433_10120
LK433_RS10120	LK433_10125
LK433_RS10125	LK433_10130
LK433_RS10130	LK433_10135
LK433_RS10135	LK433_10140
LK433_RS10140	LK433_10145
LK433_RS10145	LK433_10150
LK433_RS10150	LK433_10155
LK433_RS10155	LK433_10160
LK433_RS10160	LK433_10165
LK433_RS10165	LK433_10170
LK433_RS10170	LK433_10175
LK433_RS10175	LK433_10180
LK433_RS10180	LK433_10185
LK433_RS10185	LK433_10190
LK433_RS10190	LK433_10195
LK433_RS10195	LK433_10200
LK433_RS10200	LK433_10205
LK433_RS10205	LK433_10210
LK433_RS10210	LK433_10215
LK433_RS10215	LK433_10220
LK433_RS10220	LK433_10225
LK433_RS10225	LK433_10230
LK433_RS10230	LK433_10235
LK433_RS10235	LK433_10240
LK433_RS10240	LK433_10245
LK433_RS10245	LK433_10250
LK433_RS10250	LK433_10255
LK433_RS10255	LK433_10260
LK433_RS10260	LK433_10265
LK433_RS10265	LK433_10270
LK433_RS10270	LK433_10275
LK433_RS10275	LK433_10280
LK433_RS10280	LK433_10285
LK433_RS10285	LK433_10290
LK433_RS10290	LK433_10295
LK433_RS10295	LK433_10300
LK433_RS10300	LK433_10305
LK433_RS10305	LK433_10310
LK433_RS10310	LK433_10315
LK433_RS10315	LK433_10320
LK433_RS10320	LK433_10325
LK433_RS10325	LK433_10330
LK433_RS10330	LK433_10335
LK433_RS10335	LK433_10340
LK433_RS10340	LK433_10345
LK433_RS10345	LK433_10350
LK433_RS10350	LK433_10355
LK433_RS10355	LK433_10360
LK433_RS10360	LK433_10365
LK433_RS10365	LK433_10370
LK433_RS10370	LK433_10375
LK433_RS10375	LK433_10380
LK433_RS10380	LK433_10385
LK433_RS10385	LK433_10390
LK433_RS10390	LK433_10395
LK433_RS10395	LK433_10400
LK433_RS10400	LK433_10405
LK433_RS10405	LK433_10410
LK433_RS10410	LK433_10415
LK433_RS10415	LK433_10420
LK433_RS10420	LK433_10425
LK433_RS10425	LK433_10430
LK433_RS10430	LK433_10435
LK433_RS10435	LK433_10440
LK433_RS10440	LK433_10445
LK433_RS10445	LK433_10450
LK433_RS10450	LK433_10455
LK433_RS10455	LK433_10460
LK433_RS10460	LK433_10465
LK433_RS10465	LK433_10470
LK433_RS10470	LK433_10475
LK433_RS10475	LK433_10480
LK433_RS10480	LK433_10485
LK433_RS10485	LK433_10490
LK433_RS10490	LK433_10495
LK433_RS10495	LK433_10500
LK433_RS10500	LK433_10505
LK433_RS10505	LK433_10510
LK433_RS10510	LK433_10515
LK433_RS10515	LK433_10520
LK433_RS10520	LK433_10525
LK433_RS10525	LK433_10530
LK433_RS10530	LK433_10535
LK433_RS10535	LK433_10540
LK433_RS10540	LK433_10545
LK433_RS10545	LK433_10550
LK433_RS10550	LK433_10555
LK433_RS10555	LK433_10560
LK433_RS10560	LK433_10565
LK433_RS10565	LK433_10570
LK433_RS10570	LK433_10575
LK433_RS10575	LK433_10580
LK433_RS10580	LK433_10585
LK433_RS10585	LK433_10590
LK433_RS10590	LK433_10595
LK433_RS10595	LK433_10600
LK433_RS10600	LK433_10605
LK433_RS10605	LK433_10610
LK433_RS10610	LK433_10615
LK433_RS10615	LK433_10620
LK433_RS10620	LK433_10625
LK433_RS10625	LK433_10630
LK433_RS10630	LK433_10635
LK433_RS10635	LK433_10640
LK433_RS10640	LK433_10645
LK433_RS10645	LK433_10650
LK433_RS10650	LK433_10655
LK433_RS10655	LK433_10660
LK433_RS10660	LK433_10665
LK433_RS10665	LK433_10670
LK433_RS10670	LK433_10675
LK433_RS10675	LK433_10680
LK433_RS10680	LK433_10685
LK433_RS10685	LK433_10690
LK433_RS10690	LK433_10695
LK433_RS10695	LK433_10700
LK433_RS10700	LK433_10705
LK433_RS10705	LK433_10710
LK433_RS10710	LK433_10715
LK433_RS10715	LK433_10720
LK433_RS10720	LK433_10725
LK433_RS10725	LK433_10730
LK433_RS10730	LK433_10735
LK433_RS10735	LK433_10740
LK433_RS10740	LK433_10745
LK433_RS10745	LK433_10750
LK433_RS10750	LK433_10755
LK433_RS10755	LK433_10760
LK433_RS10760	LK433_10765
LK433_RS10765	LK433_10770
LK433_RS10770	LK433_10775
LK433_RS10775	LK433_10780
LK433_RS10780	LK433_10785
LK433_RS10785	LK433_10790
LK433_RS10790	LK433_10795
LK433_RS10795	LK433_10800
LK433_RS10800	LK433_10805
LK433_RS10805	LK433_10810
LK433_RS10810	LK433_10815
LK433_RS10815	LK433_10820
LK433_RS10820	LK433_10825
LK433_RS10825	LK433_10830
LK433_RS10830	LK433_10835
LK433_RS10835	LK433_10840
LK433_RS10840	LK433_10845
LK433_RS10845	LK433_10850
LK433_RS10850	LK433_10855
LK433_RS10855	LK433_10860
LK433_RS10860	LK433_10865
LK433_RS10865	LK433_10870
LK433_RS10870	LK433_10875
LK433_RS10875	LK433_10880
LK433_RS10880	LK433_10885
LK433_RS10885	LK433_10890
LK433_RS10890	LK433_10895
LK433_RS10895	LK433_10900
LK433_RS10900	LK433_10905
LK433_RS10905	LK433_10910
LK433_RS10910	LK433_10915
LK433_RS10915	LK433_10920
LK433_RS10920	LK433_10925
LK433_RS10925	LK433_10930
LK433_RS10930	LK433_10935
LK433_RS10935	LK433_10940
LK433_RS10940	LK433_10945
LK433_RS10945	LK433_10950
LK433_RS10950	LK433_10955
LK433_RS10955	LK433_10960
LK433_RS10960	LK433_10965
LK433_RS10965	LK433_10970
LK433_RS10970	LK433_10975
LK433_RS10975	LK433_10980
LK433_RS10980	LK433_10985
LK433_RS10985	LK433_10990
LK433_RS10990	LK433_10995
LK433_RS10995	LK433_11000
LK433_RS11000	LK433_11005
LK433_RS11005	LK433_11010
LK433_RS11010	LK433_11015
LK433_RS11015	LK433_11020
LK433_RS11020	LK433_11025
LK433_RS11025	LK433_11030
LK433_RS11030	LK433_11035
LK433_RS11035	LK433_11040
LK433_RS11040	LK433_11045
LK433_RS11045	LK433_11050
LK433_RS11050	LK433_11055
LK433_RS11055	LK433_11060
LK433_RS11060	LK433_11065
LK433_RS11065	LK433_11070
LK433_RS11070	LK433_11075
LK433_RS11075	LK433_11080
LK433_RS11080	LK433_11085
LK433_RS11085	LK433_11090
LK433_RS11090	LK433_11095
LK433_RS11095	LK433_11100
LK433_RS11100	LK433_11105
LK433_RS11105	LK433_11110
LK433_RS11110	LK433_11115
LK433_RS11115	LK433_11120
LK433_RS11120	LK433_11125
LK433_RS11125	LK433_11130
LK433_RS11130	LK433_11135
LK433_RS11135	LK433_11140
LK433_RS11140	LK433_11145
LK433_RS11145	LK433_11150
LK433_RS11150	LK433_11155
LK433_RS11155	LK433_11160
LK433_RS11160	LK433_11165
LK433_RS11165	LK433_11170
LK433_RS11170	LK433_11175
LK433_RS11175	LK433_11180
LK433_RS11180	LK433_11185
LK433_RS11185	LK433_11190
LK433_RS11190	LK433_11195
LK433_RS11195	LK433_11200
LK433_RS11200	LK433_11205
LK433_RS11205	LK433_11210
LK433_RS11210	LK433_11215
LK433_RS11215	LK433_11220
LK433_RS11220	LK433_11225
LK433_RS11225	LK433_11230
LK433_RS11230	LK433_11235
LK433_RS11235	LK433_11240
LK433_RS11240	LK433_11245
LK433_RS11245	LK433_11250
LK433_RS11250	LK433_11255
LK433_RS11255	LK433_11260
LK433_RS11260	LK433_11265
LK433_RS11265	LK433_11270
LK433_RS11270	LK433_11275
LK433_RS11275	LK433_11280
LK433_RS11280	LK433_11285
LK433_RS11285	LK433_11290
LK433_RS11290	LK433_11295
LK433_RS11295	LK433_11300
LK433_RS11300	LK433_11305
LK433_RS11305	LK433_11310
LK433_RS11310	LK433_11315
LK433_RS11315	LK433_11320
LK433_RS11320	LK433_11325
LK433_RS11325	LK433_11330
LK433_RS11330	LK433_11335
LK433_RS11335	LK433_11340
LK433_RS11340	LK433_11345
LK433_RS11345	LK433_11350
LK433_RS11350	LK433_11355
LK433_RS11355	LK433_11360
LK433_RS11360	LK433_11365
LK433_RS11365	LK433_11370
LK433_RS11370	LK433_11375
LK433_RS11375	LK433_11380
LK433_RS11380	LK433_11385
LK433_RS11385	LK433_11390
LK433_RS11390	LK433_11395
LK433_RS11395	LK433_11400
LK433_RS11400	LK433_11405
LK433_RS11405	LK433_11410
LK433_RS11410	LK433_11415
LK433_RS11415	LK433_11420
LK433_RS11420	LK433_11425
LK433_RS11425	LK433_11430
LK433_RS11430	LK433_11435
LK433_RS11435	LK433_11440
LK433_RS11440	LK433_11445
LK433_RS11445	LK433_11450
LK433_RS11450	LK433_11455
LK433_RS11455	LK433_11460
LK433_RS11460	LK433_11465
LK433_RS11465	LK433_11470
LK433_RS11470	LK433_11475
LK433_RS11475	LK433_11480
LK433_RS11480	LK433_11485
LK433_RS11485	LK433_11490
LK433_RS11490	LK433_11495
LK433_RS11495	LK433_11500
LK433_RS11500	LK433_11505
LK433_RS11505	LK433_11510
LK433_RS11510	LK433_11515
LK433_RS11515	LK433_11520
LK433_RS11520	LK433_11525
LK433_RS11525	LK433_11530
LK433_RS11530	LK433_11535
LK433_RS11535	LK433_11540
LK433_RS11540	LK433_11545
LK433_RS11545	LK433_11550
LK433_RS11550	LK433_11555
LK433_RS11555	LK433_11560
LK433_RS11560	LK433_11565
LK433_RS11565	LK433_11570
LK433_RS11570	LK433_11575
LK433_RS11575	LK433_11580
LK433_RS11580	LK433_11585
LK433_RS11585	LK433_11590
LK433_RS11590	LK433_11595
LK433_RS11595	LK433_11600
LK433_RS11600	LK433_11605
LK433_RS11605	LK433_11610
LK433_RS11610	LK433_11615
LK433_RS11615	LK433_11620
LK433_RS11620	LK433_11625
LK433_RS11625	LK433_11630
LK433_RS11630	LK433_11635
LK433_RS11635	LK433_11640
LK433_RS11640	LK433_11645
LK433_RS11645	LK433_11650
LK433_RS11650	LK433_11655
LK433_RS11655	LK433_11660
LK433_RS11660	LK433_11665
LK433_RS11665	LK433_11670
LK433_RS11670	LK433_11675
LK433_RS11675	LK433_11680
LK433_RS11680	LK433_11685
LK433_RS11685	LK433_11690
LK433_RS11690	LK433_11695
LK433_RS11695	LK433_11700
LK433_RS11700	LK433_11705
LK433_RS11705	LK433_11710
LK433_RS11710	LK433_11715
LK433_RS11715	LK433_11720
LK433_RS11720	LK433_11725
LK433_RS11725	LK433_11730
LK433_RS11730	LK433_11735
LK433_RS11735	LK433_11740
LK433_RS11740	LK433_11745
LK433_RS11745	LK433_11750
LK433_RS11750	LK433_11755
LK433_RS11755	LK433_11760
LK433_RS11760	LK433_11765
LK433_RS11765	LK433_11770
LK433_RS11770	LK433_11775
LK433_RS11775	LK433_11780
LK433_RS11780	LK433_11785
LK433_RS11785	LK433_11790
LK433_RS11790	LK433_11795
LK433_RS11795	LK433_11800
LK433_RS11800	LK433_11805
LK433_RS11805	LK433_11810
LK433_RS11810	LK433_11815
LK433_RS11815	LK433_11820
LK433_RS11820	LK433_11825
LK433_RS11825	LK433_11830
LK433_RS11830	LK433_11835
LK433_RS11835	LK433_11840
LK433_RS11840	LK433_11845
LK433_RS11845	LK433_11850
LK433_RS11850	LK433_11855
LK433_RS11855	LK433_11860
LK433_RS11860	LK433_11865
LK433_RS11865	LK433_11870
LK433_RS11870	LK433_11875
LK433_RS11875	LK433_11880
LK433_RS11880	LK433_11885
LK433_RS11885	LK433_11890
LK433_RS11890	LK433_11895
LK433_RS11895	LK433_11900
LK433_RS11900	LK433_11905
LK433_RS11905	LK433_11910
LK433_RS11910	LK433_11915
LK433_RS11915	LK433_11920
LK433_RS11920	LK433_11925
LK433_RS11925	LK433_11930
LK433_RS11930	LK433_11935
LK433_RS11935	LK433_11940
LK433_RS11940	LK433_11945
LK433_RS11945	LK433_11950
LK433_RS11950	LK433_11955
LK433_RS11955	LK433_11960
LK433_RS11960	LK433_11965
LK433_RS11965	LK433_11970
LK433_RS11970	LK433_11975
LK433_RS11975	LK433_11980
LK433_RS11980	LK433_11985
LK433_RS11985	LK433_11990
LK433_RS11990	LK433_11995
LK433_RS11995	LK433_12000
LK433_RS12000	LK433_12005
LK433_RS12005	LK433_12010
LK433_RS12010	LK433_12015
LK433_RS12015	LK433_12020
LK433_RS12020	LK433_12025
LK433_RS12025	LK433_12030
LK433_RS12030	LK433_12035
LK433_RS12035	LK433_12040
LK433_RS12040	LK433_12045
LK433_RS12045	LK433_12050
LK433_RS12050	LK433_12055
LK433_RS12055	LK433_12060
LK433_RS12060	LK433_12065
LK433_RS12065	LK433_12070
LK433_RS12070	LK433_12075
LK433_RS12075	LK433_12080
LK433_RS12080	LK433_12085
LK433_RS12085	LK433_12090
LK433_RS12090	LK433_12095
LK433_RS12095	LK433_12100
LK433_RS12100	LK433_12105
LK433_RS12105	LK433_12110
LK433_RS12110	LK433_12115
LK433_RS12115	LK433_12120
LK433_RS12120	LK433_12125
LK433_RS12125	LK433_12130
LK433_RS12130	LK433_12135
LK433_RS12135	LK433_12140
LK433_RS12140	LK433_12145
LK433_RS12145	LK433_12150
LK433_RS12150	LK433_12155
LK433_RS12155	LK433_12160
LK433_RS12160	LK433_12165
LK433_RS12165	LK433_12170
LK433_RS12170	LK433_12175
LK433_RS12175	LK433_12180
LK433_RS12180	LK433_12185
LK433_RS12185	LK433_12190
LK433_RS12190	LK433_12195
LK433_RS12195	LK433_12200
LK433_RS12200	LK433_12205
LK433_RS12205	LK433_12210
LK433_RS12210	LK433_12215
LK433_RS12215	LK433_12220
LK433_RS12220	LK433_12225
LK433_RS12225	LK433_12230
LK433_RS12230	LK433_12235
LK433_RS12235	LK433_12240
LK433_RS12240	LK433_12245
LK433_RS12245	LK433_12250
LK433_RS12250	LK433_12255
LK433_RS12255	LK433_12260
LK433_RS12260	LK433_12265
LK433_RS12265	LK433_12270
LK433_RS12270	LK433_12275
LK433_RS12275	LK433_12280
LK433_RS12280	LK433_12285
LK433_RS12285	LK433_12290
LK433_RS12290	LK433_12295
LK433_RS12295	LK433_12300
LK433_RS12300	LK433_12305
LK433_RS12305	LK433_12310
LK433_RS12310	LK433_12315
LK433_RS12315	LK433_12320
LK433_RS12320	LK433_12325
LK433_RS12325	LK433_12330
LK433_RS12330	LK433_12335
LK433_RS12335	LK433_12340
LK433_RS12340	LK433_12345
LK433_RS12345	LK433_12350
LK433_RS12350	LK433_12355
LK433_RS12355	LK433_12360
LK433_RS12360	LK433_12365
LK433_RS12365	LK433_12370
LK433_RS12370	LK433_12375
LK433_RS12375	LK433_12380
LK433_RS12380	LK433_12385
LK433_RS12385	LK433_12390
LK433_RS12390	LK433_12395
LK433_RS12395	LK433_12400
LK433_RS12400	LK433_12405
LK433_RS12405	LK433_12410
LK433_RS12410	LK433_12415
LK433_RS12415	LK433_12420
LK433_RS12420	LK433_12425
LK433_RS12425	LK433_12430
LK433_RS12430	LK433_12435
LK433_RS12435	LK433_12440
LK433_RS12440	LK433_12445
LK433_RS12445	LK433_12450
LK433_RS12450	LK433_12455
LK433_RS12455	LK433_12460
LK433_RS12460	LK433_12465
LK433_RS12465	LK433_12470
LK433_RS12470	LK433_12475
LK433_RS12475	LK433_12480
LK433_RS12480	LK433_12485
LK433_RS12485	LK433_12490
LK433_RS12490	LK433_12495
LK433_RS12495	LK433_12500
LK433_RS12500	LK433_12505
LK433_RS12505	LK433_12510
LK433_RS12510	LK433_12515
LK433_RS12515	LK433_12520
LK433_RS12520	LK433_12525
LK433_RS12525	LK433_12530
LK433_RS12530	LK433_12535
LK433_RS12535	LK433_12540
LK433_RS12540	LK433_12545
LK433_RS12545	LK433_12550
LK433_RS12550	LK433_12555
LK433_RS12555	LK433_12560
LK433_RS12560	LK433_12565
LK433_RS12565	LK433_12570
LK433_RS12570	LK433_12575
LK433_RS12575	LK433_12580
LK433_RS12580	LK433_12585
LK433_RS12585	LK433_12590
LK433_RS12590	LK433_12595
LK433_RS12595	LK433_12600
LK433_RS12600	LK433_12605
LK433_RS12605	LK433_12610
LK433_RS12610	LK433_12615
LK433_RS12615	LK433_12620
LK433_RS12620	LK433_12625
LK433_RS12625	LK433_12630
LK433_RS12630	LK433_12635
LK433_RS12635	LK433_12640
LK433_RS12640	LK433_12645
LK433_RS12645	LK433_12650
LK433_RS12650	LK433_12655
LK433_RS12655	LK433_12660
LK433_RS12660	LK433_12665
LK433_RS12665	LK433_12670
LK433_RS12670	LK433_12675
LK433_RS12675	LK433_12680
LK433_RS12680	LK433_12685
LK433_RS12685	LK433_12690
LK433_RS12690	LK433_12695
LK433_RS12695	LK433_12700
LK433_RS12700	LK433_12705
LK433_RS12705	LK433_12710
LK433_RS12710	LK433_12715
LK433_RS12715	LK433_12720
LK433_RS12720	LK433_12725
LK433_RS12725	LK433_12730
LK433_RS12730	LK433_12735
LK433_RS12735	LK433_12740
LK433_RS12740	LK433_12745
LK433_RS12745	LK433_12750
LK433_RS12750	LK433_12755
LK433_RS12755	LK433_12760
LK433_RS12760	LK433_12765
LK433_RS12765	LK433_12770
LK433_RS12770	LK433_12775
LK433_RS12775	LK433_12780
LK433_RS12780	LK433_12785
LK433_RS12785	LK433_12790
LK433_RS12790	LK433_12795
LK433_RS12795	LK433_12800
LK433_RS12800	LK433_12805
LK433_RS12805	LK433_12810
LK433_RS12810	LK433_12815
LK433_RS12815	LK433_12820
LK433_RS12820	LK433_12825
LK433_RS12825	LK433_12830
LK433_RS12830	LK433_12835
LK433_RS12835	LK433_12840
LK433_RS12840	LK433_12845
LK433_RS12845	LK433_12850
LK433_RS12850	LK433_12855
LK433_RS12855	LK433_12860
LK433_RS12860	LK433_12865
LK433_RS12865	LK433_12870
LK433_RS12870	LK433_12875
LK433_RS12875	LK433_12880
LK433_RS12880	LK433_12885
LK433_RS12885	LK433_12890
LK433_RS12890	LK433_12895
LK433_RS12895	LK433_12900
LK433_RS12900	LK433_12905
LK433_RS12905	LK433_12910
LK433_RS12910	LK433_12915
LK433_RS12915	LK433_12920
LK433_RS12920	LK433_12925
LK433_RS12925	LK433_12930
LK433_RS12930	LK433_12935
LK433_RS12935	LK433_12940
LK433_RS12940	LK433_12945
LK433_RS12945	LK433_12950
LK433_RS12950	LK433_12955
LK433_RS12955	LK433_12960
LK433_RS12960	LK433_12965
LK433_RS12965	LK433_12970
LK433_RS12970	LK433_12975
LK433_RS12975	LK433_12980
LK433_RS12980	LK433_12985
LK433_RS12985	LK433_12990
LK433_RS12990	LK433_12995
LK433_RS12995	LK433_13000
LK433_RS13000	LK433_13005
LK433_RS13005	LK433_13010
LK433_RS13010	LK433_13015
LK433_RS13015	LK433_13020
LK433_RS13020	LK433_13025
LK433_RS13025	LK433_13030
LK433_RS13030	LK433_13035
LK433_RS13035	LK433_13040
LK433_RS13040	LK433_13045
LK433_RS13045	LK433_13050
LK433_RS13055	LK433_13055
LK433_RS13060	LK433_13060
LK433_RS13065	LK433_13065
LK433_RS13070	LK433_13070
LK433_RS13075	LK433_13075
LK433_RS13080	LK433_13080
LK433_RS13085	LK433_13085
LK433_RS13090	LK433_13090
LK433_RS13095	LK433_13095
LK433_RS13100	LK433_13100
LK433_RS13105	LK433_13105
LK433_RS13110	LK433_13110
LK433_RS13115	LK433_13115
LK433_RS13120	LK433_13120
LK433_RS13125	LK433_13125
LK433_RS13130	LK433_13130
LK433_RS13135	LK433_13135
LK433_RS13140	LK433_13140
LK433_RS13145	LK433_13145
LK433_RS13150	LK433_13150
LK433_RS13155	LK433_13155
LK433_RS13160	LK433_13160
LK433_RS13165	LK433_13165
LK433_RS13170	LK433_13170
LK433_RS13175	LK433_13175
LK433_RS13180	LK433_13180
LK433_RS13185	LK433_13185
LK433_RS13190	LK433_13190
LK433_RS13195	LK433_13195
LK433_RS13200	LK433_13200
LK433_RS13205	LK433_13205
LK433_RS13210	LK433_13210
LK433_RS13215	LK433_13215
LK433_RS13220	LK433_13220
LK433_RS13225	LK433_13225
LK433_RS13230	LK433_13230
LK433_RS13235	LK433_13235
LK433_RS13240	LK433_13240
LK433_RS13245	LK433_13245
LK433_RS13250	LK433_13250
LK433_RS13255	LK433_13255
LK433_RS13260	LK433_13260
LK433_RS13265	LK433_13265
LK433_RS13270	LK433_13270
LK433_RS13275	LK433_13275
LK433_RS13280	LK433_13280
LK433_RS13285	LK433_13285
LK433_RS13290	LK433_13290
LK433_RS13295	LK433_13295
LK433_RS13300	LK433_13300
LK433_RS13305	LK433_13305
LK433_RS13310	LK433_13310
LK433_RS13315	LK433_13315
LK433_RS13320	LK433_13320
LK433_RS13325	LK433_13325
LK433_RS13330	LK433_13330
LK433_RS13335	LK433_13335
LK433_RS13340	LK433_13340
LK433_RS13345	LK433_13345
LK433_RS13350	LK433_13350
LK433_RS13355	LK433_13355
LK433_RS13360	LK433_13360
LK433_RS13365	LK433_13365
LK433_RS13370	LK433_13370
LK433_RS13375	LK433_13375
LK433_RS13380	LK433_13380
LK433_RS13385	LK433_13385
LK433_RS13390	LK433_13390
LK433_RS13395	LK433_13395
LK433_RS13400	LK433_13400
LK433_RS13405	LK433_13405
LK433_RS13410	LK433_13410
LK433_RS13415	LK433_13415
LK433_RS13420	LK433_13420
LK433_RS13425	LK433_13425
LK433_RS13430	LK433_13430
LK433_RS13435	LK433_13435
LK433_RS13440	LK433_13440
LK433_RS13445	LK433_13445
LK433_RS13450	LK433_13450
LK433_RS13455	LK433_13455
LK433_RS13460	LK433_13460
LK433_RS13465	LK433_13465
LK433_RS13470	LK433_13470
LK433_RS13475	LK433_13475
LK433_RS13480	LK433_13480
LK433_RS13485	LK433_13485
LK433_RS13490	LK433_13490
LK433_RS13495	LK433_13495
LK433_RS13500	LK433_13500
LK433_RS13505	LK433_13505
LK433_RS13510	LK433_13510
LK433_RS13515	LK433_13515
LK433_RS13520	LK433_13520
LK433_RS13525	LK433_13525
LK433_RS13530	LK433_13530
LK433_RS13535	LK433_13535
LK433_RS13540	LK433_13540
LK433_RS13545	LK433_13545
LK433_RS13550	LK433_13550
LK433_RS13555	LK433_13555
LK433_RS13560	LK433_13560
LK433_RS13565	LK433_13565
LK433_RS13570	LK433_13570
LK433_RS13575	LK433_13575
LK433_RS13580	LK433_13580
LK433_RS13585	LK433_13585
LK433_RS13590	LK433_13590
LK433_RS13595	LK433_13595
LK433_RS13600	LK433_13600
LK433_RS13605	LK433_13605
LK433_RS13610	LK433_13610
LK433_RS13615	LK433_13615
LK433_RS13620	LK433_13620
LK433_RS13625	LK433_13625
LK433_RS13630	LK433_13630
LK433_RS13635	LK433_13635
LK433_RS13640	LK433_13640
LK433_RS13645	LK433_13645
LK433_RS13650	LK433_13650
LK433_RS13655	LK433_13655
LK433_RS13660	LK433_13660
LK433_RS13665	LK433_13665
LK433_RS13670	LK433_13670
LK433_RS13675	LK433_13675
LK433_RS13680	LK433_13680
LK433_RS13685	LK433_13685
LK433_RS13690	LK433_13690
LK433_RS13695	LK433_13695
LK433_RS13700	LK433_13700
LK433_RS13705	LK433_13705
LK433_RS13710	LK433_13710
LK433_RS13715	LK433_13715
LK433_RS13720	LK433_13720
LK433_RS13725	LK433_13725
LK433_RS13730	LK433_13730
LK433_RS13735	LK433_13735
LK433_RS13740	LK433_13740
LK433_RS13745	LK433_13745
LK433_RS13750	LK433_13750
LK433_RS13755	LK433_13755
LK433_RS13760	LK433_13760
LK433_RS13765	LK433_13765
LK433_RS13770	LK433_13770
LK433_RS13775	LK433_13775
LK433_RS13780	LK433_13780
LK433_RS13785	LK433_13785
LK433_RS13790	LK433_13790
LK433_RS13795	LK433_13795
LK433_RS13800	LK433_13800
LK433_RS13805	LK433_13805
LK433_RS13810	LK433_13810
LK433_RS13815	LK433_13815
LK433_RS13820	LK433_13820
LK433_RS13825	LK433_13825
LK433_RS13830	LK433_13830
LK433_RS13835	LK433_13835
LK433_RS13840	LK433_13840
LK433_RS13845	LK433_13845
LK433_RS13850	LK433_13850
LK433_RS13855	LK433_13855
LK433_RS13860	LK433_13860
LK433_RS13865	LK433_13865
LK433_RS13870	LK433_13870
LK433_RS13875	LK433_13875
LK433_RS13880	LK433_13880
LK433_RS13885	LK433_13885
LK433_RS13890	LK433_13890
LK433_RS13895	LK433_13895
LK433_RS13905	LK433_13905
LK433_RS13910	LK433_13910
LK433_RS13915	LK433_13915
LK433_RS13920	LK433_13920
LK433_RS13925	LK433_13925
LK433_RS13930	LK433_13930
LK433_RS13935	LK433_13935
LK433_RS13940	LK433_13940
LK433_RS13945	LK433_13945
LK433_RS13950	LK433_13950
LK433_RS13955	LK433_13955
LK433_RS13960	LK433_13960
LK433_RS13965	LK433_13965
LK433_RS13970	LK433_13970
LK433_RS13975	LK433_13975
LK433_RS13980	LK433_13980
LK433_RS13985	LK433_13985
LK433_RS13990	LK433_13990
LK433_RS13995	LK433_13995
LK433_RS14000	LK433_14000
LK433_RS14005	LK433_14005
LK433_RS14015	LK433_14010
LK433_RS14020	LK433_14015
LK433_RS14025	LK433_14020
LK433_RS14030	LK433_14025
LK433_RS14035	LK433_14030
LK433_RS14040	LK433_14035
LK433_RS14045	LK433_14040
LK433_RS14050	LK433_14045
LK433_RS14055	LK433_14050
LK433_RS14060	LK433_14055
LK433_RS14065	LK433_14060
LK433_RS14070	LK433_14065
LK433_RS14075	LK433_14070
LK433_RS14080	LK433_14075
LK433_RS14085	LK433_14080
LK433_RS14090	LK433_14085
LK433_RS14095	LK433_14090
LK433_RS14100	LK433_14095
LK433_RS14105	LK433_14100
LK433_RS14110	LK433_14105
LK433_RS14115	LK433_14110
LK433_RS14120	LK433_14115
LK433_RS14125	LK433_14120
LK433_RS14130	LK433_14125
LK433_RS14135	LK433_14130
LK433_RS14140	LK433_14135
LK433_RS14145	LK433_14140
LK433_RS14150	LK433_14145
LK433_RS14155	LK433_14150
LK433_RS14160	LK433_14155
LK433_RS14165	LK433_14160
LK433_RS14170	LK433_14165
LK433_RS14175	LK433_14170
LK433_RS14180	LK433_14175
LK433_RS14185	LK433_14180
LK433_RS14190	LK433_14185
LK433_RS14195	LK433_14190
LK433_RS14200	LK433_14195
LK433_RS14205	LK433_14200
LK433_RS14210	LK433_14205
LK433_RS14215	LK433_14210
LK433_RS14220	LK433_14215
LK433_RS14225	LK433_14220
LK433_RS14230	LK433_14225
LK433_RS14235	LK433_14230
LK433_RS14240	LK433_14235
LK433_RS14245	LK433_14240
LK433_RS14250	LK433_14245
LK433_RS14255	LK433_14250
LK433_RS14260	LK433_14255
LK433_RS14265	LK433_14260
LK433_RS14270	LK433_14265
LK433_RS14275	LK433_14270
LK433_RS14280	LK433_14275
LK433_RS14285	LK433_14280
LK433_RS14290	LK433_14285
LK433_RS14295	LK433_14290
LK433_RS14300	LK433_14295
LK433_RS14305	LK433_14300
LK433_RS14310	LK433_14305
LK433_RS14315	LK433_14310
LK433_RS14320	LK433_14315
LK433_RS14325	LK433_14320
LK433_RS14330	LK433_14325
LK433_RS14335	LK433_14330
LK433_RS14340	LK433_14335
LK433_RS14345	LK433_14340
LK433_RS14350	LK433_14345
LK433_RS14355	LK433_14350
LK433_RS14360	LK433_14355
LK433_RS14365	LK433_14360
LK433_RS14370	LK433_14365
LK433_RS14375	LK433_14370
LK433_RS14380	LK433_14375
LK433_RS14385	LK433_14380
LK433_RS14390	LK433_14385
LK433_RS14395	LK433_14390
LK433_RS14400	LK433_14395
LK433_RS14405	LK433_14400
LK433_RS14410	LK433_14405
LK433_RS14415	LK433_14410
LK433_RS14420	LK433_14415
LK433_RS14425	LK433_14420
LK433_RS14430	LK433_14425
LK433_RS14435	LK433_14430
LK433_RS14440	LK433_14435
LK433_RS14445	LK433_14440
LK433_RS14450	LK433_14445
LK433_RS14455	LK433_14450
LK433_RS14460	LK433_14455
LK433_RS14465	LK433_14460
LK433_RS14470	LK433_14465
LK433_RS14475	LK433_14470
LK433_RS14480	LK433_14475
LK433_RS14485	LK433_14480
LK433_RS14490	LK433_14485
LK433_RS14495	LK433_14490
LK433_RS14500	LK433_14495
LK433_RS14505	LK433_14500
LK433_RS14510	LK433_14505
LK433_RS14515	LK433_14510
LK433_RS14520	LK433_14515
LK433_RS14525	LK433_14520
LK433_RS14530	LK433_14525
LK433_RS14535	LK433_14530
LK433_RS14540	LK433_14535
LK433_RS14545	LK433_14540
LK433_RS14550	LK433_14545
LK433_RS14555	LK433_14550
LK433_RS14560	LK433_14555
LK433_RS14565	LK433_14560
LK433_RS14570	LK433_14565
LK433_RS14575	LK433_14570
LK433_RS14580	LK433_14575
LK433_RS14585	LK433_14580
LK433_RS14590	LK433_14585
LK433_RS14595	LK433_14590
LK433_RS14600	LK433_14595
LK433_RS14605	LK433_14600
LK433_RS14610	LK433_14605
LK433_RS14615	LK433_14610
LK433_RS14620	LK433_14615
LK433_RS14625	LK433_14620
LK433_RS14630	LK433_14625
LK433_RS14635	LK433_14630
LK433_RS14640	LK433_14635
LK433_RS14645	LK433_14640
LK433_RS14650	LK433_14645
LK433_RS14655	LK433_14650
LK433_RS14660	LK433_14655
LK433_RS14665	LK433_14660
LK433_RS14670	LK433_14665
LK433_RS14675	LK433_14670
LK433_RS13900	LK433_13900
LK433_RS14685	LK433_14680
LK433_RS14690	LK433_14685
LK433_RS14695	LK433_14690
LK433_RS14700	LK433_14695
LK433_RS14705	LK433_14700
LK433_RS14710	LK433_14705
LK433_RS14715	LK433_14710
LK433_RS14720	LK433_14715
LK433_RS14725	LK433_14720
LK433_RS14730	LK433_14725
LK433_RS14735	LK433_14730
LK433_RS14740	LK433_14735
LK433_RS14745	LK433_14740
LK433_RS14750	LK433_14745
LK433_RS14755	LK433_14750
LK433_RS14760	LK433_14755
LK433_RS14765	LK433_14760
LK433_RS14770	LK433_14765
LK433_RS14775	LK433_14770
LK433_RS14780	LK433_14775
LK433_RS14785	LK433_14780
LK433_RS14790	LK433_14785
LK433_RS14795	LK433_14790
LK433_RS14800	LK433_14795
LK433_RS14805	LK433_14800
LK433_RS14810	LK433_14805
LK433_RS14815	LK433_14810
LK433_RS14820	LK433_14815
LK433_RS14825	LK433_14820
LK433_RS14830	LK433_14825
LK433_RS14835	LK433_14830
LK433_RS14840	LK433_14835
LK433_RS14845	LK433_14840
LK433_RS14850	LK433_14845
LK433_RS14855	LK433_14850
LK433_RS14860	LK433_14855
LK433_RS14865	LK433_14860
LK433_RS14870	LK433_14865
LK433_RS14875	LK433_14870
LK433_RS14880	LK433_14875
LK433_RS14885	LK433_14880
LK433_RS14890	LK433_14885
LK433_RS14895	LK433_14890
LK433_RS14900	LK433_14895
LK433_RS14905	LK433_14900
LK433_RS14910	LK433_14905
LK433_RS14915	LK433_14910
LK433_RS14920	LK433_14915
LK433_RS14925	LK433_14920
LK433_RS14930	LK433_14925
LK433_RS14935	LK433_14930
LK433_RS14940	LK433_14935
LK433_RS14945	LK433_14940
LK433_RS14950	LK433_14945
LK433_RS14955	LK433_14950
LK433_RS14960	LK433_14955
LK433_RS14965	LK433_14960
LK433_RS14970	LK433_14965
LK433_RS14680	LK433_14675
